Test_Number,Rank,Unix_Start_Time,Local_Start_Time,UTC_Start_Time,Characters,Seconds,CPS,WPM,Mistake_Free_Test,Backspaces as % of Verse Length,Incorrect Characters as % of Verse Length,Book,Chapter,Verse #,Verse,Verse_Order,Autostart,% of Words Typed Correctly,Extra Keystrokes %,Test Version,Location,Keyboard,Layout,Caffeine,Custom_1,Custom_2,Custom_3,WPM_Rank,WPM_Percentile,Last 10 Avg,Last 100 Avg,Last 1000 Avg,Incorrect Character % Last 10 Avg,Incorrect Character % Last 100 Avg,Incorrect Character % Last 1000 Avg,Extra Keystrokes % Last 10 Avg,Extra Keystrokes % Last 100 Avg,Extra Keystrokes % Last 1000 Avg,Local_Start_Year,Local_Start_Month,Local_Start_Date,Local_Start_Hour,Local_Start_Minute,Local_Start_10_Minute_Block,Local_Start_15_Minute_Block,Local_Start_30_Minute_Block,Count,Local_End_Time,Local_End_Year,Local_End_Month,Local_End_Date,Local_End_Hour,Local_End_Minute,Local_End_15_Minute_Block,Local_End_10_Minute_Block,Local_End_30_Minute_Block,cumulative_avg,Session,Test_#_Within_Session,Test #
4628,1,1724105265.481261,2024-08-19 18:07:45.481264,2024-08-19 22:07:45.481279+00:00,132,16.3767515,8.060206567828791,96.72247881394549,1,0.0,0.0,NUM,29,19,"and one male goat for a sin offering, in addition to the continual burnt offering, with its meal offering and their drink offerings.",4628,1,100.0,0.0,v2,,,,,,,,1,100.0,74.06240210107654,70.17818411898577,64.61833519562639,3.640605996738408,3.7272546957621513,4.123648954501808,8.42536306890578,7.800142750827049,8.56935202636634,2024.0,8.0,2024-08-19,18.0,7.0,1.0,1.0,1.0,1,2024-08-19 18:08:01.858015500,2024.0,8.0,2024-08-19,18.0,8.0,1.0,1.0,1.0,63.479,995,74,4628
2299,2,1720564180.801887,,2024-07-09 22:29:40.801904+00:00,91,11.33060333,8.031346374554087,96.37615649464904,0,1.098901098901099,0.0,EXO,28,5,"They shall use the gold, and the blue, and the purple, and the scarlet, and the fine linen.",2299,1,94.44444444444444,2.197802197802198,v2,,mac,qwerty,,,,,2,99.98129092609915,76.50042955656178,71.16185459409702,66.4252476593539,2.274770378662156,3.823594093214635,3.5374569444951347,4.950484842440168,8.031432338126331,7.412504912271521,,,,,,,,,1,,,,,,,,,,61.029,890,16,2299
4608,3,1724104862.118207,2024-08-19 18:01:02.118213,2024-08-19 22:01:02.118242+00:00,45,5.685187708,7.915305933817726,94.98367120581273,1,0.0,0.0,NUM,28,30,"and one male goat, to make atonement for you.",4608,1,100.0,0.0,v2,,,,,,,,3,99.96258185219831,77.43775592942677,66.55698393287508,64.26824428088598,1.8521123375228286,4.382766661014496,4.116098147081485,3.704224675045654,8.999328840885534,8.543842123159965,2024.0,8.0,2024-08-19,18.0,1.0,1.0,1.0,1.0,1,2024-08-19 18:01:07.803400708,2024.0,8.0,2024-08-19,18.0,1.0,1.0,1.0,1.0,63.434,995,54,4608
4637,4,1724105430.770996,2024-08-19 18:10:30.771001,2024-08-19 22:10:30.771022+00:00,129,16.513113541,7.81197317390867,93.74367808690404,0,2.3255813953488373,2.3255813953488373,NUM,29,28,"and one male goat for a sin offering, in addition to the continual burnt offering, and its meal offering, and its drink offering.",4637,1,95.65217391304348,4.651162790697675,v2,,,,,,,,4,99.94387277829748,80.39383427450734,71.57515915885206,64.72484626114073,3.222210943918533,3.4950471982443982,4.124356936450963,6.599460647526986,7.320685754873195,8.570418193682947,2024.0,8.0,2024-08-19,18.0,10.0,2.0,1.0,1.0,1,2024-08-19 18:10:47.284114540,2024.0,8.0,2024-08-19,18.0,10.0,1.0,2.0,1.0,63.508,995,83,4637
4601,5,1724104724.1137862,2024-08-19 17:58:44.113789,2024-08-19 21:58:44.113802+00:00,112,14.370500333,7.793743947996469,93.52492737595765,1,0.0,0.0,NUM,28,23,"You shall offer these in addition to the burnt offering of the morning, which is for a continual burnt offering.",4601,1,100.0,0.0,v2,,,,,,,,5,99.92516370439664,72.94270862189143,64.7178864722024,64.18350433518805,4.302197557616074,5.21266145431677,4.137801205777269,8.604395115232144,10.699132467504121,8.591499688028787,2024.0,8.0,2024-08-19,17.0,58.0,6.0,4.0,2.0,1,2024-08-19 17:58:58.484289333,2024.0,8.0,2024-08-19,17.0,58.0,4.0,6.0,2.0,63.415,995,47,4601
4238,6,1724013802.160691,2024-08-18 16:43:22.160695,2024-08-18 20:43:22.160713+00:00,57,7.335705125,7.770214182375549,93.2425701885066,1,0.0,0.0,NUM,16,43,Moses and Aaron came to the front of the Tent of Meeting.,4238,1,100.0,0.0,v2,,,,,,,,6,99.90645463049579,73.22730189047601,65.66262220259927,63.021730956180996,1.092736556455868,3.059789464096781,4.404614128271269,2.1854731129117333,6.183016969396208,9.207072427406793,2024.0,8.0,2024-08-18,16.0,43.0,5.0,3.0,2.0,1,2024-08-18 16:43:29.496400125,2024.0,8.0,2024-08-18,16.0,43.0,3.0,5.0,2.0,63.221,992,60,4238
2932,7,1721855679.666257,2024-07-24 17:14:39.666262,2024-07-24 21:14:39.666285+00:00,125,16.115767708,7.756378862295773,93.07654634754928,1,0.0,0.0,LEV,8,14,"He brought the bull of the sin offering, and Aaron and his sons laid their hands on the head of the bull of the sin offering.",2932,1,100.0,0.0,v2,,,,,,,,7,99.88774555659495,73.51639759220447,67.40841439360022,68.03772557523781,4.10554696026651,5.744759913875903,3.6182416510941935,8.427310136749236,11.945273270140149,7.569248152897696,2024.0,7.0,2024-07-24,17.0,14.0,2.0,1.0,1.0,1,2024-07-24 17:14:55.782029708,2024.0,7.0,2024-07-24,17.0,14.0,1.0,2.0,1.0,62.499,982,47,2932
3184,8,1722046442.1076338,2024-07-26 22:14:02.107638,2024-07-27 02:14:02.107657+00:00,167,21.581679916,7.738044519703552,92.85653423644264,1,0.0,0.0,LEV,15,15,"The priest shall offer them, the one for a sin offering, and the other for a burnt offering. The priest shall make atonement for him before the LORD for his discharge.",3184,1,100.0,0.0,v2,,,,,,,,8,99.86903648269411,73.40078328027192,70.371108342313,68.83675151237381,2.5532542510217504,4.545045109704143,4.166917277893396,5.3632986255002875,9.600687650837802,8.747513072638958,2024.0,7.0,2024-07-26,22.0,14.0,2.0,1.0,1.0,1,2024-07-26 22:14:23.689317916,2024.0,7.0,2024-07-26,22.0,14.0,1.0,2.0,1.0,63.133,984,61,3184
3199,9,1722046782.977265,2024-07-26 22:19:42.977268,2024-07-27 02:19:42.977281+00:00,184,23.861150917,7.711279336023488,92.53535203228186,1,0.0,0.0,LEV,15,30,"The priest shall offer the one for a sin offering, and the other for a burnt offering; and the priest shall make atonement for her before the LORD for the uncleanness of her discharge.",3199,1,100.0,0.0,v2,,,,,,,,9,99.85032740879326,73.37732304277124,71.48631068593912,68.94634656173737,4.55159020774506,4.513618345229439,4.1610244195010315,9.43608170480044,9.561487062610807,8.73697111529076,2024.0,7.0,2024-07-26,22.0,19.0,2.0,2.0,1.0,1,2024-07-26 22:20:06.838418917,2024.0,7.0,2024-07-26,22.0,20.0,2.0,3.0,1.0,63.187,984,76,3199
3132,10,1722045240.724394,2024-07-26 21:54:00.724399,2024-07-27 01:54:00.724417+00:00,146,18.949531292,7.704676055055642,92.4561126606677,0,1.36986301369863,1.36986301369863,LEV,14,20,"then the priest shall offer the burnt offering and the meal offering on the altar. The priest shall make atonement for him, and he shall be clean.",3132,1,96.29629629629628,2.73972602739726,v2,,,,,,,,10,99.83161833489243,72.24429385361728,69.13097248339815,68.76652963191223,5.534503750634823,4.61878293901933,4.068711428552555,11.15789639015853,9.780996456113591,8.524073712914618,2024.0,7.0,2024-07-26,21.0,54.0,6.0,4.0,2.0,1,2024-07-26 21:54:19.673930292,2024.0,7.0,2024-07-26,21.0,54.0,4.0,6.0,2.0,62.987,984,9,3132
4636,11,1724105411.869496,2024-08-19 18:10:11.869502,2024-08-19 22:10:11.869525+00:00,145,18.863838417,7.6866646540677905,92.23997584881349,0,1.3793103448275863,1.3793103448275863,NUM,29,27,"and their meal offering and their drink offerings for the bulls, for the rams, and for the lambs, according to their number, after the ordinance,",4636,1,96.0,2.7586206896551726,v2,,,,,,,,11,99.81290926099157,79.07209991269028,71.40512389464214,64.66518786191281,3.4034459078319252,3.4880515468925353,4.129995956825526,6.961930575353771,7.322954614771097,8.582581190184282,2024.0,8.0,2024-08-19,18.0,10.0,2.0,1.0,1.0,1,2024-08-19 18:10:30.733340417,2024.0,8.0,2024-08-19,18.0,10.0,1.0,2.0,1.0,63.502,995,82,4636
4676,12,1724106341.745839,2024-08-19 18:25:41.745842,2024-08-19 22:25:41.745858+00:00,75,9.762237292,7.682665126513706,92.19198151816448,1,0.0,0.0,NUM,31,11,"They took all the captives, and all the plunder, both of man and of animal.",4676,1,100.0,0.0,v2,,,,,,,,12,99.79420018709074,75.86488388488394,73.61091769009994,64.84422716661716,2.297195956510778,3.425490354886735,4.1608781432465225,4.594391913021553,7.119249055167203,8.637030115503878,2024.0,8.0,2024-08-19,18.0,25.0,3.0,2.0,1.0,1,2024-08-19 18:25:51.508079292,2024.0,8.0,2024-08-19,18.0,25.0,2.0,3.0,1.0,63.581,995,122,4676
4833,13,1724110566.75889,2024-08-19 19:36:06.758894,2024-08-19 23:36:06.758910+00:00,32,4.180405667,7.654759501597432,91.8571140191692,1,0.0,0.0,NUM,34,16,"The LORD spoke to Moses, saying,",4833,1,100.0,0.0,v2,,,,,,,,13,99.7754911131899,65.78678722026056,64.26421736385245,64.57023121689083,6.084079821553451,5.070321696145258,4.236016193542279,12.756960135055094,10.614373180707169,8.795370836578517,2024.0,8.0,2024-08-19,19.0,36.0,4.0,3.0,2.0,1,2024-08-19 19:36:10.939299667,2024.0,8.0,2024-08-19,19.0,36.0,3.0,4.0,2.0,63.65,996,90,4833
4614,14,1724104968.683806,2024-08-19 18:02:48.683808,2024-08-19 22:02:48.683818+00:00,64,8.363525625,7.652275232910523,91.82730279492628,1,0.0,0.0,NUM,29,5,"and one male goat for a sin offering, to make atonement for you;",4614,1,100.0,0.0,v2,,,,,,,,14,99.75678203928906,74.56214984442212,67.87569955967798,64.41275072351065,2.450797432263967,4.071753843520276,4.126243664206217,5.5898664694662035,8.436421628526844,8.571015873458814,2024.0,8.0,2024-08-19,18.0,2.0,1.0,1.0,1.0,1,2024-08-19 18:02:57.047333625,2024.0,8.0,2024-08-19,18.0,2.0,1.0,1.0,1.0,63.447,995,60,4614
4650,15,1724105699.8067589,2024-08-19 18:14:59.806764,2024-08-19 22:14:59.806782+00:00,122,16.025631917,7.612804326959634,91.3536519235156,1,0.0,0.0,NUM,30,1,"Moses spoke to the heads of the tribes of the children of Israel, saying, ""This is the thing which the LORD has commanded.",4650,1,100.0,0.0,v2,,,,,,,,15,99.73807296538821,75.1664294180036,72.71124382656303,64.79607970167459,4.782367504389145,3.5680938863298057,4.14727903980831,9.83500527904856,7.4749413036414145,8.61401570706383,2024.0,8.0,2024-08-19,18.0,14.0,2.0,1.0,1.0,1,2024-08-19 18:15:15.832395917,2024.0,8.0,2024-08-19,18.0,15.0,2.0,2.0,1.0,63.541,995,96,4650
5092,16,1725037387.589524,2024-08-30 13:03:07.589528,2024-08-30 17:03:07.589548+00:00,98,12.880971125,7.60812201572263,91.29746418867155,1,0.0,0.0,DEU,6,5,"You shall love the LORD your God with all your heart, with all your soul, and with all your might.",5092,1,100.0,0.0,v2,,,,,,,,16,99.71936389148736,56.77171943445793,62.46276242360984,65.04500975764302,3.467568746515726,3.648512149586547,4.154715747166233,7.440991929566247,7.8092099501441306,8.66259898146843,2024.0,8.0,2024-08-30,13.0,3.0,1.0,1.0,1.0,1,2024-08-30 13:03:20.470499125,2024.0,8.0,2024-08-30,13.0,3.0,1.0,1.0,1.0,63.619,1001,7,5092
2810,17,1721847662.988158,2024-07-24 15:01:02.988163,2024-07-24 19:01:02.988207+00:00,152,19.986885375,7.604986827518642,91.2598419302237,1,0.0,0.0,LEV,4,14,"when the sin in which they have sinned is known, then the assembly shall offer a young bull for a sin offering, and bring it before the Tent of Meeting.",2810,1,100.0,0.0,v2,,,,,,,,17,99.70065481758652,67.91841622493975,70.27252231890971,67.64946743647072,3.2149595319307998,4.263335681298474,3.430482487259713,6.531959880188128,8.930203407743933,7.188459388244421,2024.0,7.0,2024-07-24,15.0,1.0,1.0,1.0,1.0,1,2024-07-24 15:01:22.975048375,2024.0,7.0,2024-07-24,15.0,1.0,1.0,1.0,1.0,62.223,981,8,2810
2970,18,1721856521.856545,2024-07-24 17:28:41.856548,2024-07-24 21:28:41.856562+00:00,75,9.901030833,7.57496883557074,90.89962602684888,1,0.0,0.0,LEV,9,16,"He presented the burnt offering, and offered it according to the ordinance.",2970,1,100.0,0.0,v2,,,,,,,,18,99.68194574368569,79.82132771327964,72.04968711729185,68.36764308469874,3.4802351457393725,4.217924218564459,3.6337187412162235,7.158381754643901,8.832490251054827,7.60101039006398,2024.0,7.0,2024-07-24,17.0,28.0,3.0,2.0,1.0,1,2024-07-24 17:28:51.757578833,2024.0,7.0,2024-07-24,17.0,28.0,2.0,3.0,1.0,62.683,982,85,2970
4640,19,1724105488.612167,2024-08-19 18:11:28.612169,2024-08-19 22:11:28.612185+00:00,132,17.430206625,7.573059966522342,90.8767195982681,0,2.272727272727273,2.272727272727273,NUM,29,31,"and one male goat for a sin offering; in addition to the continual burnt offering, its meal offering, and the drink offerings of it.",4640,1,95.83333333333334,4.545454545454546,v2,,,,,,,,19,99.66323666978485,79.24324596392646,72.1746771073466,64.73484205081863,3.1710386240519086,3.3337540668666485,4.136029121298273,6.6350470422764944,6.995363669946138,8.5930366105645,2024.0,8.0,2024-08-19,18.0,11.0,2.0,1.0,1.0,1,2024-08-19 18:11:46.042375625,2024.0,8.0,2024-08-19,18.0,11.0,1.0,2.0,1.0,63.516,995,86,4640
2813,20,1721847719.478475,2024-07-24 15:01:59.478480,2024-07-24 19:01:59.478502+00:00,106,14.160393666,7.485667595139866,89.82801114167839,1,0.0,0.0,LEV,4,17,"The priest shall dip his finger in the blood and sprinkle it seven times before the LORD, before the veil.",2813,1,100.0,0.0,v2,,,,,,,,20,99.644527595884,71.0677342867185,70.51631674401561,67.67535155138124,3.256737707073236,4.284563079432199,3.433022248816164,6.615516230473004,8.972658204011383,7.191643176760168,2024.0,7.0,2024-07-24,15.0,1.0,1.0,1.0,1.0,1,2024-07-24 15:02:13.638873666,2024.0,7.0,2024-07-24,15.0,2.0,1.0,1.0,1.0,62.241,981,11,2813
1632,21,1720183476.497911,,2024-07-05 12:44:36.497969+00:00,107,14.30639688,7.479171795309222,89.75006154371067,1,0.0,0.0,EXO,4,30,"Aaron spoke all the words which the LORD had spoken to Moses, and did the signs in the sight of the people.",1632,1,100.0,0.0,v2,home,mac,qwerty,yes,,,,21,99.62581852198316,67.74708384482705,65.32576513779753,60.45156518876599,3.5166201550459206,3.437925254690417,3.917768088488122,7.033240310050607,7.2978172589655905,8.218433842617461,,,,,,,,,1,,,,,,,,,,58.3,677,102,1632
2975,22,1721856617.5696378,2024-07-24 17:30:17.569640,2024-07-24 21:30:17.569651+00:00,100,13.372054958,7.478282157386269,89.73938588863524,0,3.0,3.0,LEV,9,21,"Aaron waved the breasts and the right thigh for a wave offering before the LORD, as Moses commanded.",2975,1,94.44444444444444,6.0,v2,,,,,,,,22,99.60710944808233,82.935661700533,72.1517387924646,68.42242451219917,2.6390319377597815,4.390786259092661,3.624927430601487,5.417924015379703,9.192200346097247,7.582743036899775,2024.0,7.0,2024-07-24,17.0,30.0,4.0,3.0,2.0,1,2024-07-24 17:30:30.941694958,2024.0,7.0,2024-07-24,17.0,30.0,3.0,4.0,2.0,62.709,982,90,2975
2968,23,1721856488.694883,2024-07-24 17:28:08.694887,2024-07-24 21:28:08.694908+00:00,87,11.654960208,7.464632950036409,89.5755954004369,1,0.0,0.0,LEV,9,14,"He washed the innards and the legs, and burned them on the burnt offering on the altar.",2968,1,100.0,0.0,v2,,,,,,,,23,99.58840037418148,73.81841564599901,71.81869570860493,68.34779976400488,8.328871056189838,4.231638719830827,3.6347118657387596,16.855653575544835,8.868218008774285,7.602996639108875,2024.0,7.0,2024-07-24,17.0,28.0,3.0,2.0,1.0,1,2024-07-24 17:28:20.349847208,2024.0,7.0,2024-07-24,17.0,28.0,2.0,3.0,1.0,62.666,982,83,2968
2288,24,1720563888.210229,,2024-07-09 22:24:48.210254+00:00,101,13.54354883,7.457425025404344,89.48910030485213,0,1.98019802,1.98019802,EXO,27,15,"For the other side shall be hangings of fifteen cubits; their pillars three, and their sockets three.",2288,1,100.0,3.96039604,v2,,mac,qwerty,,,,,24,99.56969130028064,79.03810031828861,70.22067695671457,66.27884936696229,2.136078293836615,4.041810531370496,3.5489892724861822,4.4644642799809215,8.466480483353266,7.437179553400054,,,,,,,,,1,,,,,,,,,,60.954,890,5,2288
3154,25,1722045781.4970582,2024-07-26 22:03:01.497063,2024-07-27 02:03:01.497082+00:00,133,17.850092583,7.450941746188254,89.41130095425905,1,0.0,0.0,LEV,14,42,"They shall take other stones, and put them in the place of those stones; and he shall take other mortar, and shall plaster the house.",3154,1,100.0,0.0,v2,,,,,,,,25,99.55098222637979,74.2246761201681,69.40565174274762,68.79767949143665,4.452535044748975,4.416059923720857,4.118438760360709,9.289392427699218,9.39582615627292,8.631184192855061,2024.0,7.0,2024-07-26,22.0,3.0,1.0,1.0,1.0,1,2024-07-26 22:03:19.347155583,2024.0,7.0,2024-07-26,22.0,3.0,1.0,1.0,1.0,63.06,984,31,3154
2829,26,1721848119.6561449,2024-07-24 15:08:39.656149,2024-07-24 19:08:39.656168+00:00,134,18.000418084,7.444271537176592,89.33125844611911,1,0.0,0.0,LEV,4,33,"He shall lay his hand on the head of the sin offering, and kill it for a sin offering in the place where they kill the burnt offering.",2829,1,100.0,0.0,v2,,,,,,,,26,99.53227315247895,74.35713024003579,71.03713277775762,67.76254068319298,4.631987741117441,4.2351900681814785,3.441257570866865,9.978900290674185,8.85776870685654,7.207650922638165,2024.0,7.0,2024-07-24,15.0,8.0,1.0,1.0,1.0,1,2024-07-24 15:08:57.656567084,2024.0,7.0,2024-07-24,15.0,8.0,1.0,1.0,1.0,62.313,981,27,2829
2266,27,1720562828.157014,2024-07-21 07:08:12.000000,2024-07-09 22:07:08.157034+00:00,94,12.64220988,7.435408914218804,89.22490697062565,0,2.127659574468085,2.127659574468085,EXO,26,30,You shall set up the tabernacle according to the way that it was shown to you on the mountain.,2266,1,94.73684210526316,4.255319149,v2,,mac,qwerty,,,,,27,99.51356407857811,79.6402833635598,69.31018381216344,66.06410468587367,2.1112421280553617,3.960949708455733,3.5712768088107327,4.222484256117106,8.199337611122226,7.480605702814951,2024.0,7.0,2024-07-21,7.0,8.0,1.0,1.0,1.0,1,2024-07-21 07:08:24.642209880,2024.0,7.0,2024-07-21,7.0,8.0,1.0,1.0,1.0,60.846,872,1,2266
1601,28,1720182749.276427,,2024-07-05 12:32:29.276442+00:00,128,17.3031155,7.397511737120404,88.77014084544486,1,0.0,0.0,EXO,3,21,"I will give this people favor in the sight of the Egyptians, and it will happen that when you go, you shall not go empty-handed.",1601,1,100.0,0.0,v2,home,mac,qwerty,yes,,,,28,99.49485500467728,64.35384351939764,63.8192190137597,60.052468424575714,2.434497473755228,3.471996547811285,4.0242261369839545,5.034284203708805,7.3947960527851135,8.43953404726477,,,,,,,,,1,,,,,,,,,,58.093,677,71,1601
4634,29,1724105376.270842,2024-08-19 18:09:36.270845,2024-08-19 22:09:36.270861+00:00,125,16.932045875,7.382451058945055,88.58941270734066,0,1.6,1.6,NUM,29,25,"and one male goat for a sin offering; in addition to the continual burnt offering, its meal offering, and its drink offering.",4634,1,95.45454545454544,3.2,v2,,,,,,,,29,99.47614593077643,78.39183466011494,71.24222918127006,64.64484985074327,3.728210798114057,3.48540767157462,4.132613905503082,7.943874149021482,7.317666864135266,8.587817087539397,2024.0,8.0,2024-08-19,18.0,9.0,1.0,1.0,1.0,1,2024-08-19 18:09:53.202890875,2024.0,8.0,2024-08-19,18.0,9.0,1.0,1.0,1.0,63.497,995,80,4634
2936,30,1721855765.782379,2024-07-24 17:16:05.782383,2024-07-24 21:16:05.782405+00:00,103,13.961281791,7.377546097980625,88.5305531757675,1,0.0,0.0,LEV,8,18,He presented the ram of the burnt offering. Aaron and his sons laid their hands on the head of the ram.,2936,1,100.0,0.0,v2,,,,,,,,30,99.45743685687557,80.53236945512744,68.186836624053,68.14192970940306,1.3101521896994899,5.60727528739847,3.584708166445244,2.6203043793989798,11.670304017185282,7.500688646286364,2024.0,7.0,2024-07-24,17.0,16.0,2.0,2.0,1.0,1,2024-07-24 17:16:19.743664791,2024.0,7.0,2024-07-24,17.0,16.0,2.0,2.0,1.0,62.529,982,51,2936
3145,31,1722045576.87852,2024-07-26 21:59:36.878522,2024-07-27 01:59:36.878534+00:00,45,6.108357791,7.366955496009516,88.40346595211419,1,0.0,0.0,LEV,14,33,"The LORD spoke to Moses and to Aaron, saying,",3145,1,100.0,0.0,v2,,,,,,,,31,99.43872778297475,77.19468670285487,69.31879283531688,68.79816305732494,1.8784373255393008,4.396291627431634,4.088425753160378,3.8349996510785993,9.336290509597852,8.567314955072385,2024.0,7.0,2024-07-26,21.0,59.0,6.0,4.0,2.0,1,2024-07-26 21:59:42.986879791,2024.0,7.0,2024-07-26,21.0,59.0,4.0,6.0,2.0,63.032,984,22,3145
2934,32,1721855728.190787,2024-07-24 17:15:28.190791,2024-07-24 21:15:28.190809+00:00,142,19.293317333,7.360061390641099,88.32073668769318,1,0.0,0.0,LEV,8,16,"He took all the fat that was on the innards, and the cover of the liver, and the two kidneys, and their fat; and Moses burned it on the altar.",2934,1,100.0,0.0,v2,,,,,,,,32,99.4200187090739,75.84247200857617,67.75156560182171,68.0831868506089,2.612350562936115,5.729516503440185,3.603104513292618,5.440917342088445,11.914786449268716,7.538973877294545,2024.0,7.0,2024-07-24,17.0,15.0,2.0,2.0,1.0,1,2024-07-24 17:15:47.484108333,2024.0,7.0,2024-07-24,17.0,15.0,2.0,2.0,1.0,62.514,982,49,2934
3170,33,1722046110.7214022,2024-07-26 22:08:30.721405,2024-07-27 02:08:30.721417+00:00,45,6.128547375,7.34268616141684,88.11223393700207,1,0.0,0.0,LEV,15,1,"The LORD spoke to Moses and to Aaron, saying,",3170,1,100.0,0.0,v2,,,,,,,,33,99.40130963517306,73.19714650824677,69.91264919718742,68.7978272152442,2.772146826613497,4.685633654691743,4.170624960450605,6.150155459818529,9.912784575201048,8.748789107947381,2024.0,7.0,2024-07-26,22.0,8.0,1.0,1.0,1.0,1,2024-07-26 22:08:36.849952374,2024.0,7.0,2024-07-26,22.0,8.0,1.0,1.0,1.0,63.096,984,47,3170
3715,34,1723159443.951087,2024-08-08 19:24:03.951093,2024-08-08 23:24:03.951117+00:00,171,23.3082045,7.336472442568453,88.03766931082143,1,0.0,0.0,NUM,3,22,"Those who were counted of them, according to the number of all the males from a month old and upward, even those who were counted of them were seven thousand five hundred.",3715,1,100.0,0.0,v2,,,,,,,,34,99.38260056127221,67.12205772924956,67.5647602025823,66.95911337380431,4.338427716444574,3.4078977590670347,4.882805251304835,9.128037099157945,7.167257080057672,10.228147970300094,2024.0,8.0,2024-08-08,19.0,24.0,3.0,2.0,1.0,1,2024-08-08 19:24:27.259297500,2024.0,8.0,2024-08-08,19.0,24.0,2.0,3.0,1.0,63.293,989,77,3715
2361,35,1721182241.251812,2024-07-21 10:41:18.000000,2024-07-17 02:10:41.251832+00:00,124,16.90987638,7.332992699066968,87.99591238880362,1,0.0,0.0,EXO,29,24,"You shall put all of this in Aaron's hands, and in his sons' hands, and shall wave them for a wave offering before the LORD.",2361,1,100.0,0.0,v2,,mac,qwerty,,,,,35,99.36389148737138,73.26028208150404,70.3044520061663,66.77561800539576,1.6881295189540204,4.519316673065284,3.5918493328010332,3.4495191111955648,9.329740225144393,7.499643747844797,2024.0,7.0,2024-07-21,10.0,41.0,5.0,3.0,2.0,1,2024-07-21 10:41:34.909876380,2024.0,7.0,2024-07-21,10.0,41.0,3.0,5.0,2.0,61.206,904,1,2361
2223,36,1720561942.440964,,2024-07-09 21:52:22.440985+00:00,81,11.05608429,7.326282783372976,87.91539340047572,1,0.0,0.0,EXO,25,27,"The rings shall be close to the rim, for places for the poles to carry the table.",2223,1,100.0,0.0,v2,,mac,qwerty,,,,,36,99.34518241347054,68.87552565697847,68.1850074478588,65.62702355707489,2.5710824043943,2.786942065256535,3.56069255760756,5.142164808788602,5.700622619460844,7.454265297191509,,,,,,,,,1,,,,,,,,,,60.591,850,104,2223
2281,37,1720563744.0006652,2024-07-21 22:24:00.000000,2024-07-09 22:22:24.000682+00:00,98,13.38374038,7.322317771723811,87.86781326068574,1,0.0,0.0,EXO,27,8,You shall make it hollow with planks. They shall make it as it has been shown you on the mountain.,2281,1,100.0,0.0,v2,,mac,qwerty,,,,,37,99.32647333956969,73.50071091136917,69.48091409793894,66.18134080244155,3.461082661002455,4.061268827074828,3.5589809916039346,7.6814952986655385,8.486166305531158,7.455239914711844,2024.0,7.0,2024-07-21,22.0,24.0,3.0,2.0,1.0,1,2024-07-21 22:24:13.383740380,2024.0,7.0,2024-07-21,22.0,24.0,2.0,3.0,1.0,60.901,887,1,2281
3187,38,1722046499.6298518,2024-07-26 22:14:59.629857,2024-07-27 02:14:59.629881+00:00,138,18.855746375,7.318723812649925,87.82468575179911,1,0.0,0.0,LEV,15,18,"If a man lies with a woman and there is an emission of semen, they shall both bathe themselves in water, and be unclean until the evening.",3187,1,100.0,0.0,v2,,,,,,,,38,99.30776426566885,74.78112069167136,70.55688934908693,68.88205731632722,2.29954886687172,4.484245015211911,4.160391224217369,4.901125952438322,9.49694460471048,8.73624667957262,2024.0,7.0,2024-07-26,22.0,14.0,2.0,1.0,1.0,1,2024-07-26 22:15:18.485603375,2024.0,7.0,2024-07-26,22.0,15.0,2.0,2.0,1.0,63.149,984,64,3187
2945,39,1721855970.409204,2024-07-24 17:19:30.409208,2024-07-24 21:19:30.409227+00:00,109,14.910010458,7.310524718077297,87.72629661692757,1,0.0,0.0,LEV,8,27,"He put all these in Aaron's hands and in his sons' hands, and waved them for a wave offering before the LORD.",2945,1,100.0,0.0,v2,,,,,,,,39,99.289055191768,77.95793932617374,68.86572355261603,68.22560304609296,2.8942428767611235,5.523314703920451,3.5869035909768203,6.29172896942276,11.527919395927954,7.50918600158299,2024.0,7.0,2024-07-24,17.0,19.0,2.0,2.0,1.0,1,2024-07-24 17:19:45.319218458,2024.0,7.0,2024-07-24,17.0,19.0,2.0,2.0,1.0,62.573,982,60,2945
2947,40,1721856014.242267,2024-07-24 17:20:14.242270,2024-07-24 21:20:14.242284+00:00,151,20.671783084,7.304643212750926,87.65571855301111,0,2.6490066225165565,2.6490066225165565,LEV,8,29,"Moses took the breast, and waved it for a wave offering before the LORD. It was Moses' portion of the ram of consecration, as the LORD commanded Moses.",2947,1,96.42857142857144,5.298013245033113,v2,,,,,,,,40,99.27034611786716,76.8825567354356,69.1708363468476,68.25561897947395,3.2717107433138546,5.524713555625633,3.5828777411547263,7.046664702528221,11.517157777304421,7.500113893775089,2024.0,7.0,2024-07-24,17.0,20.0,3.0,2.0,1.0,1,2024-07-24 17:20:34.914053084,2024.0,7.0,2024-07-24,17.0,20.0,2.0,3.0,1.0,62.586,982,62,2947
2013,41,1720320352.0366368,,2024-07-07 02:45:52.036681+00:00,114,15.61243342,7.301872614116005,87.62247136939206,1,0.0,0.0,EXO,18,13,"On the next day, Moses sat to judge the people, and the people stood around Moses from the morning to the evening.",2013,1,100.0,0.0,v2,,mac,qwerty,,,,,41,99.25163704396633,71.60568879974797,67.59392505287872,63.92519810175183,3.418004186771028,3.916326342442586,3.957086279049607,7.7248972624309475,8.18882858309379,8.312525917548525,,,,,,,,,1,,,,,,,,,,59.946,799,29,2013
5218,42,1725056145.6262012,2024-08-30 18:15:45.626205,2024-08-30 22:15:45.626222+00:00,159,21.795004125,7.29524982367949,87.54299788415388,1,0.0,0.0,DEU,11,9,"and that you may prolong your days in the land which the LORD swore to your fathers to give to them and to their offspring, a land flowing with milk and honey.",5218,1,100.0,0.0,v2,,,,,,,,42,99.23292797006548,70.8139974372151,68.6688864738553,66.17610094660365,2.679517682832717,3.015561379260601,4.010476616795432,5.681616010826727,6.404463331774103,8.387934161080802,2024.0,8.0,2024-08-30,18.0,15.0,2.0,2.0,1.0,1,2024-08-30 18:16:07.421209125,2024.0,8.0,2024-08-30,18.0,16.0,2.0,2.0,1.0,63.753,1002,35,5218
2716,43,1721776361.477068,2024-07-23 19:12:41.477072,2024-07-23 23:12:41.477093+00:00,86,11.795793041,7.290734900237727,87.48881880285272,1,0.0,0.0,EXO,40,8,"You shall set up the court around it, and hang up the screen of the gate of the court.",2716,1,100.0,0.0,v2,,,,,,,,43,99.21421889616464,71.41501245577442,65.55415251857013,67.67590379898081,4.090443188172177,3.665575684971734,3.424034432239277,8.71056162830404,7.912135295580402,7.1699309140659695,2024.0,7.0,2024-07-23,19.0,12.0,2.0,1.0,1.0,1,2024-07-23 19:12:53.272865041,2024.0,7.0,2024-07-23,19.0,12.0,1.0,2.0,1.0,61.952,980,55,2716
2713,44,1721776310.8825548,2024-07-23 19:11:50.882558,2024-07-23 23:11:50.882577+00:00,124,17.0418065,7.276223914407196,87.31468697288635,1,0.0,0.0,EXO,40,5,"You shall set the golden altar for incense before the ark of the covenant, and put the screen of the door to the tabernacle.",2713,1,100.0,0.0,v2,,,,,,,,44,99.1955098222638,69.59718249876306,65.27117503983884,67.64546244070583,3.5521240586612586,3.6592933123735722,3.4356327049503026,7.543157532534647,7.878517918805131,7.197615981702747,2024.0,7.0,2024-07-23,19.0,11.0,2.0,1.0,1.0,1,2024-07-23 19:12:07.924364500,2024.0,7.0,2024-07-23,19.0,12.0,1.0,2.0,1.0,61.936,980,52,2713
2453,45,1721300969.4674828,2024-07-21 09:29:30.000000,2024-07-18 11:09:29.467516+00:00,98,13.49021004,7.264527364280457,87.17432837136548,1,0.0,0.0,EXO,32,16,"The tablets were the work of God, and the writing was the writing of God, engraved on the tablets.",2455,1,100.0,0.0,v2,,mac,qwerty,,,,,45,99.17680074836296,67.64729539453488,70.84923026340574,67.33990512802596,5.123201864343477,2.170205138304033,3.4267930759284275,10.401442488336567,4.597515185120489,7.15567702278969,2024.0,7.0,2024-07-21,9.0,29.0,3.0,2.0,1.0,1,2024-07-21 09:29:43.490210040,2024.0,7.0,2024-07-21,9.0,29.0,2.0,3.0,1.0,61.554,944,1,2453
2937,46,1721855779.794006,2024-07-24 17:16:19.794009,2024-07-24 21:16:19.794025+00:00,64,8.815159292,7.260220477023229,87.12264572427875,0,1.5625,1.5625,LEV,8,19,He killed it; and Moses sprinkled the blood around on the altar.,2937,1,91.66666666666666,3.125,v2,,,,,,,,46,99.15809167446211,81.69165982198753,68.40630449421064,68.16151280540689,1.4664021896994899,5.561579532681488,3.5816195036545464,2.9328043793989798,11.578912507751319,7.494511320705364,2024.0,7.0,2024-07-24,17.0,16.0,2.0,2.0,1.0,1,2024-07-24 17:16:28.609168292,2024.0,7.0,2024-07-24,17.0,16.0,2.0,2.0,1.0,62.537,982,52,2937
1818,47,1720219253.976635,,2024-07-05 22:40:53.976658+00:00,63,8.682575792,7.255911322772131,87.07093587326557,1,0.0,0.0,EXO,12,1,"The LORD spoke to Moses and Aaron in the land of Egypt, saying,",1818,1,100.0,0.0,v2,home,mac,qwerty,yes,,,,47,99.13938260056128,71.63383409799405,70.35506327619136,62.64050227062859,3.596648138315227,4.168145465570702,3.937348617898377,7.4881328942408345,8.681404049306682,8.255860387153579,,,,,,,,,1,,,,,,,,,,59.287,761,39,1818
3761,48,1723160645.54845,2024-08-08 19:44:05.548454,2024-08-08 23:44:05.548471+00:00,45,6.202767333,7.254826367674752,87.05791641209703,1,0.0,0.0,NUM,4,17,"The LORD spoke to Moses and to Aaron, saying,",3761,1,100.0,0.0,v2,,,,,,,,48,99.12067352666043,75.85888387868572,68.12058947746867,66.79887455707296,3.0029501977090436,4.139589390065891,4.879839184264246,6.2559003954180845,8.700675936426562,10.22911011745632,2024.0,8.0,2024-08-08,19.0,44.0,5.0,3.0,2.0,1,2024-08-08 19:44:11.751221333,2024.0,8.0,2024-08-08,19.0,44.0,3.0,5.0,2.0,63.356,989,123,3761
5115,49,1725037905.481332,2024-08-30 13:11:45.481334,2024-08-30 17:11:45.481348+00:00,130,17.939923166,7.246407846739158,86.9568941608699,1,0.0,0.0,DEU,7,3,"You shall not make marriages with them. You shall not give your daughter to his son, nor shall you take his daughter for your son.",5115,1,100.0,0.0,v2,,,,,,,,49,99.10196445275959,72.05976051157549,63.441401942997935,65.45500213205752,2.2992538985265365,3.503015760050137,4.090881026068771,5.124168407608012,7.515699394734446,8.522794466188525,2024.0,8.0,2024-08-30,13.0,11.0,2.0,1.0,1.0,1,2024-08-30 13:12:03.421257166,2024.0,8.0,2024-08-30,13.0,12.0,1.0,2.0,1.0,63.652,1001,30,5115
1722,50,1720216845.4337869,2024-07-21 00:45:24.000000,2024-07-05 22:00:45.433807+00:00,138,19.06600288,7.238014223786275,86.85617069,1,0.0,0.0,EXO,8,11,"The frogs shall depart from you, and from your houses, and from your servants, and from your people. They shall remain in the river only.""",1722,1,100.0,0.0,v2,home,mac,qwerty,yes,,,,50,99.08325537885875,67.98499575555056,65.54413582139196,61.264397950474994,5.730183574986027,3.58528599011483,3.914833518215755,13.05074116233257,7.526040114437958,8.20920109838916,2024.0,7.0,2024-07-21,0.0,45.0,5.0,4.0,2.0,1,2024-07-21 00:45:43.066002880,2024.0,7.0,2024-07-21,0.0,45.0,4.0,5.0,2.0,58.665,703,1,1722
3754,51,1723160435.688873,2024-08-08 19:40:35.688878,2024-08-08 23:40:35.688911+00:00,99,13.682727209,7.235399674918711,86.82479609902454,1,0.0,0.0,NUM,4,10,"They shall put it and all its vessels within a covering of sealskin, and shall put it on the frame.",3754,1,100.0,0.0,v2,,,,,,,,51,99.0645463049579,71.21288420481469,67.99103571070987,66.75258644557096,3.2559175166318033,4.112936017138205,4.8909900227509,7.429051150479722,8.62236919057119,10.251783589301427,2024.0,8.0,2024-08-08,19.0,40.0,5.0,3.0,2.0,1,2024-08-08 19:40:49.371605209,2024.0,8.0,2024-08-08,19.0,40.0,3.0,5.0,2.0,63.335,989,116,3754
2977,52,1721856659.169002,2024-07-24 17:30:59.169005,2024-07-24 21:30:59.169026+00:00,133,18.384786416,7.234242323547045,86.81090788256455,0,2.255639097744361,2.255639097744361,LEV,9,23,"Moses and Aaron went into the Tent of Meeting, and came out, and blessed the people; and the LORD's glory appeared to all the people.",2977,1,92.0,4.511278195488721,v2,,,,,,,,52,99.04583723105706,81.36953227393568,72.26966068635194,68.4422441894239,3.916226282316827,4.464526101250308,3.635865261648176,7.972312704493793,9.339680030412536,7.603587771158102,2024.0,7.0,2024-07-24,17.0,30.0,4.0,3.0,2.0,1,2024-07-24 17:31:17.553791416,2024.0,7.0,2024-07-24,17.0,31.0,3.0,4.0,2.0,62.719,982,92,2977
4546,53,1724027498.8966742,2024-08-18 20:31:38.896678,2024-08-19 00:31:38.896698+00:00,88,12.191264,7.218283518427621,86.61940222113145,1,0.0,0.0,NUM,26,56,"According to the lot shall their inheritance be divided between the more and the fewer.""",4546,1,100.0,0.0,v2,,,,,,,,53,99.02712815715621,69.28922421818204,61.6453131600556,63.85138312955444,3.910924902778954,5.566670204833503,4.313753299427021,8.311031010353158,11.534230116531159,8.97235397896131,2024.0,8.0,2024-08-18,20.0,31.0,4.0,3.0,2.0,1,2024-08-18 20:31:51.087942000,2024.0,8.0,2024-08-18,20.0,31.0,3.0,4.0,2.0,63.341,994,31,4546
3745,54,1723160241.200406,2024-08-08 19:37:21.200412,2024-08-08 23:37:21.200440+00:00,45,6.237278042,7.214685588326063,86.57622705991275,0,2.2222222222222223,2.2222222222222223,NUM,4,1,"The LORD spoke to Moses and to Aaron, saying,",3745,1,100.0,4.444444444444445,v2,,,,,,,,54,99.00841908325539,69.89041329261676,68.1820984259972,66.81565868182858,4.260025124184787,4.0744232081301,4.888841742630496,9.136477680586477,8.47116582048249,10.241865163746445,2024.0,8.0,2024-08-08,19.0,37.0,4.0,3.0,2.0,1,2024-08-08 19:37:27.437690042,2024.0,8.0,2024-08-08,19.0,37.0,3.0,4.0,2.0,63.32,989,107,3745
2020,55,1720320494.0,,2024-07-07 02:48:14.485274+00:00,132,18.31066288,7.208914330470409,86.50697196564491,0,0.7575757575757576,0.7575757575757576,EXO,18,20,"You shall teach them the statutes and the laws, and shall show them the way in which they must walk, and the work that they must do.",2020,1,96.29629629629628,1.5151515151515151,v2,,mac,qwerty,,,,,55,98.98971000935454,76.60176441669304,68.07705802998004,64.02877874675382,2.3140533125607723,3.959765205804791,3.9627288038250916,4.899670649803559,8.291751601175289,8.323574969612068,,,,,,,,,1,,,,,,,,,,60.0,799,36,2020
2369,56,1721182441.9068449,2024-07-21 14:01:54.000000,2024-07-17 02:14:01.906869+00:00,122,16.92900588,7.206566109127775,86.47879331,0,2.459016393442623,2.459016393442623,EXO,29,32,"Aaron and his sons shall eat the meat of the ram, and the bread that is in the basket, at the door of the Tent of Meeting.",2369,1,92.59259259,4.918032786885246,v2,,mac,qwerty,,,,,56,98.97100093545369,75.5266537672509,70.82645534049325,66.81549113516729,2.314426234254862,4.392739681848934,3.5982376368866915,5.097623613191931,9.108970603556088,7.5129862198046755,2024.0,7.0,2024-07-21,14.0,1.0,1.0,1.0,1.0,1,2024-07-21 14:02:10.929005880,2024.0,7.0,2024-07-21,14.0,2.0,1.0,1.0,1.0,61.249,912,1,2369
2528,57,1721613706.628213,2024-07-21 22:01:46.628218,2024-07-22 02:01:46.628240+00:00,112,15.5444465,7.20514558044894,86.46174696538728,0,0.8928571428571429,0.8928571428571429,EXO,34,31,"Moses called to them, and Aaron and all the rulers of the congregation returned to him; and Moses spoke to them.",2528,1,95.23809523809524,1.7857142857142856,v2,,,,,,,,57,98.95229186155285,69.68774103771226,66.75841951074429,67.53796319152413,2.645873417797054,2.819258180015138,3.438841634114092,5.291746835594109,5.927145195215339,7.184781057164647,2024.0,7.0,2024-07-21,22.0,1.0,1.0,1.0,1.0,1,2024-07-21 22:02:02.172664500,2024.0,7.0,2024-07-21,22.0,2.0,1.0,1.0,1.0,61.677,979,22,2528
4665,58,1724106122.965899,2024-08-19 18:22:02.965902,2024-08-19 22:22:02.965919+00:00,160,22.2190685,7.201021951032736,86.41226341239283,1,0.0,0.0,NUM,30,16,"These are the statutes which the LORD commanded Moses, between a man and his wife, between a father and his daughter, being in her youth, in her father's house.",4665,1,100.0,0.0,v2,,,,,,,,58,98.93358278765201,70.3819981538694,72.86117629977329,64.79300768156841,2.545280501100294,3.5611807768050845,4.153921550796071,5.090561002200586,7.447298662287487,8.623116930602977,2024.0,8.0,2024-08-19,18.0,22.0,3.0,2.0,1.0,1,2024-08-19 18:22:25.184970500,2024.0,8.0,2024-08-19,18.0,22.0,2.0,3.0,1.0,63.554,995,111,4665
2246,59,1720562448.1248791,2024-07-21 00:48:06.000000,2024-07-09 22:00:48.124894+00:00,178,24.74536767,7.193265519532814,86.31918623439377,0,0.5617977528089888,0.5617977528089888,EXO,26,10,"You shall make fifty loops on the edge of the one curtain that is outermost in the coupling, and fifty loops on the edge of the curtain which is outermost in the second coupling.",2246,1,97.05882352941175,1.1235955056179776,v2,,mac,qwerty,,,,,59,98.91487371375118,76.6034577704269,68.49814572319848,65.82634291572067,3.0996121526368983,3.7427706943598644,3.6209060411090124,6.604677157731258,7.737240747322442,7.585613548010688,2024.0,7.0,2024-07-21,0.0,48.0,5.0,4.0,2.0,1,2024-07-21 00:48:30.745367670,2024.0,7.0,2024-07-21,0.0,48.0,4.0,5.0,2.0,60.712,852,1,2246
3342,60,1722218366.5520809,2024-07-28 21:59:26.552087,2024-07-29 01:59:26.552114+00:00,144,20.028593,7.189721215064882,86.27665458077858,1,0.0,0.0,LEV,20,23,"You shall not walk in the customs of the nation which I am casting out before you; for they did all these things, and therefore I abhorred them.",3342,1,100.0,0.0,v2,,,,,,,,60,98.89616463985033,69.22947877774513,63.609158022412146,68.27119328828181,3.77841161106259,3.918150420915785,4.1020790704546775,7.977875853704124,8.193501639691927,8.614060505851038,2024.0,7.0,2024-07-28,21.0,59.0,6.0,4.0,2.0,1,2024-07-28 21:59:46.580680000,2024.0,7.0,2024-07-28,21.0,59.0,4.0,6.0,2.0,63.294,985,99,3342
3798,61,1723161543.809942,2024-08-08 19:59:03.809947,2024-08-08 23:59:03.809969+00:00,32,4.450903792,7.189551042985114,86.27461251582136,1,0.0,0.0,NUM,5,5,"The LORD spoke to Moses, saying,",3798,1,100.0,0.0,v2,,,,,,,,61,98.87745556594949,70.65359233983654,68.9088051839107,66.81103676015061,4.4734000220360794,4.814691195387962,4.946477276921607,9.615188270166781,10.079316790577437,10.357219394100312,2024.0,8.0,2024-08-08,19.0,59.0,6.0,4.0,2.0,1,2024-08-08 19:59:08.260850792,2024.0,8.0,2024-08-08,19.0,59.0,4.0,6.0,2.0,63.414,989,160,3798
2193,62,1720551168.1266408,,2024-07-09 18:52:48.126667+00:00,66,9.193688625,7.178837862806127,86.14605435367352,1,0.0,0.0,EXO,24,15,"Moses went up on the mountain, and the cloud covered the mountain.",2193,1,100.0,0.0,v2,,mac,qwerty,,,,,62,98.85874649204864,67.68192223432195,68.53959255753165,65.66011500155001,3.7866305616337383,2.146893555872445,3.5265501489938997,7.960357897496162,4.357465399041874,7.38300907557985,,,,,,,,,1,,,,,,,,,,60.549,850,74,2193
2969,63,1721856500.381956,2024-07-24 17:28:20.381960,2024-07-24 21:28:20.381979+00:00,154,21.453962125,7.178161269360403,86.13793523232484,0,1.948051948051948,1.948051948051948,LEV,9,15,"He presented the people's offering, and took the goat of the sin offering which was for the people, and killed it, and offered it for sin, like the first.",2969,1,93.10344827586206,3.896103896103896,v2,,,,,,,,63,98.8400374181478,78.46309731830947,71.8567177064828,68.35275545526989,3.6497266711631013,4.251119239311347,3.6366599176868117,7.497364805491358,8.907179047735324,7.6068927430049795,2024.0,7.0,2024-07-24,17.0,28.0,3.0,2.0,1.0,1,2024-07-24 17:28:41.835922125,2024.0,7.0,2024-07-24,17.0,28.0,2.0,3.0,1.0,62.674,982,84,2969
2007,64,1720320192.5855129,,2024-07-07 02:43:12.585527+00:00,136,18.97468692,7.1674436893160784,86.00932427179293,1,0.0,0.0,EXO,18,7,"Moses went out to meet his father-in-law, and bowed and kissed him. They asked each other of their welfare, and they came into the tent.",2007,1,100.0,0.0,v2,,mac,qwerty,,,,,64,98.82132834424696,65.78147397176892,66.70866472080263,63.87381523155628,2.695988828199339,3.990934511250953,3.9558642519646736,5.39197765639868,8.274526179879635,8.306397435456313,,,,,,,,,1,,,,,,,,,,59.911,799,23,2007
2967,65,1721856474.441262,2024-07-24 17:27:54.441266,2024-07-24 21:27:54.441288+00:00,102,14.235267916,7.165302444736931,85.98362933684318,1,0.0,0.0,LEV,9,13,"They delivered the burnt offering to him, piece by piece, and the head. He burned them upon the altar.",2967,1,100.0,0.0,v2,,,,,,,,65,98.80261927034611,71.74698797286005,71.58320773641947,68.32747076971444,8.676093278412061,4.283722053164161,3.6398400708669647,17.550098019989278,8.972384675440953,7.6132530493652855,2024.0,7.0,2024-07-24,17.0,27.0,3.0,2.0,1.0,1,2024-07-24 17:28:08.676533916,2024.0,7.0,2024-07-24,17.0,28.0,2.0,3.0,1.0,62.657,982,82,2967
2820,66,1721847868.560597,2024-07-24 15:04:28.560600,2024-07-24 19:04:28.560612+00:00,145,20.239229417,7.1643043819744845,85.97165258369381,0,1.3793103448275863,1.3793103448275863,LEV,4,24,"He shall lay his hand on the head of the goat, and kill it in the place where they kill the burnt offering before the LORD. It is a sin offering.",2820,1,96.7741935483871,2.7586206896551726,v2,,,,,,,,66,98.78391019644528,77.96541326820689,70.73936857998665,67.7072188477905,2.8814756784979645,4.193433184413588,3.432466682085393,5.762951356995929,8.753216750137149,7.190532043298624,2024.0,7.0,2024-07-24,15.0,4.0,1.0,1.0,1.0,1,2024-07-24 15:04:48.799829417,2024.0,7.0,2024-07-24,15.0,4.0,1.0,1.0,1.0,62.279,981,18,2820
2973,67,1721856586.22832,2024-07-24 17:29:46.228326,2024-07-24 21:29:46.228354+00:00,133,18.565161333,7.1639560580380985,85.96747269645718,0,2.255639097744361,2.255639097744361,LEV,9,19,"and the fat of the bull and of the ram, the fat tail, and that which covers the innards, and the kidneys, and the cover of the liver;",2973,1,92.85714285714286,4.511278195488721,v2,,,,,,,,67,98.76520112254443,80.02869287931775,72.03284412605855,68.39246983409672,4.503416155015236,4.3730459414554375,3.6333793492923294,9.146692449890612,9.156719710822795,7.601730207614795,2024.0,7.0,2024-07-24,17.0,29.0,3.0,2.0,1.0,1,2024-07-24 17:30:04.793487333,2024.0,7.0,2024-07-24,17.0,30.0,3.0,4.0,2.0,62.698,982,88,2973
4488,68,1724020050.948517,2024-08-18 18:27:30.948519,2024-08-18 22:27:30.948530+00:00,32,4.467075834,7.163522892635989,85.96227471163186,1,0.0,0.0,NUM,25,16,"The LORD spoke to Moses, saying,",4488,1,100.0,0.0,v2,,,,,,,,68,98.7464920486436,61.759749684258885,63.944939163686,64.08479952194183,8.317202730150688,4.650169117493362,4.322078246701646,17.09243613019645,9.64902970861163,8.989879799700656,2024.0,8.0,2024-08-18,18.0,27.0,3.0,2.0,1.0,1,2024-08-18 18:27:35.415594834,2024.0,8.0,2024-08-18,18.0,27.0,2.0,3.0,1.0,63.387,992,310,4488
1374,69,1720050149.9209862,,2024-07-03 23:42:29.921008+00:00,86,12.00960413,7.160935457,85.93122548075664,1,0.0,0.0,GEN,45,15,"He kissed all his brothers, and wept on them. After that his brothers talked with him.",1374,1,100.0,0.0,v2,,,,yes,,,,69,98.72778297474275,70.0747281395729,63.342060486959,57.25910260511146,3.606139555649391,4.269119486531065,4.15031340628792,7.475210145781543,9.035433548040995,8.702723213459233,,,,,,,,,1,,,,,,,,,,57.226,594,43,1374
3054,70,1721966196.82135,2024-07-25 23:56:36.821353,2024-07-26 03:56:36.821366+00:00,45,6.291026125,7.1530461177348865,85.83655341281863,1,0.0,0.0,LEV,13,1,"The LORD spoke to Moses and to Aaron, saying,",3054,1,100.0,0.0,v2,,,,,,,,70,98.7090739008419,71.79631735591781,69.84251839617208,68.47034878267674,4.925993021454068,6.308247677379294,3.83198742788839,10.036317840143155,13.016606756594408,8.007530662738594,2024.0,7.0,2024-07-25,23.0,56.0,6.0,4.0,2.0,1,2024-07-25 23:56:43.112379125,2024.0,7.0,2024-07-25,23.0,56.0,4.0,6.0,2.0,62.852,983,54,3054
3382,71,1722298291.8503182,2024-07-29 20:11:31.850323,2024-07-30 00:11:31.850345+00:00,109,15.238610542,7.1528831122482535,85.83459734697904,1,0.0,0.0,LEV,22,12,"If a priest's daughter is married to an outsider, she shall not eat of the heave offering of the holy things.",3382,1,100.0,0.0,v2,,,,,,,,71,98.69036482694106,71.87091959931514,65.91625342766696,68.32463886854623,3.4357280588807497,3.8618643216462623,4.1651365695386255,7.222854719160099,8.071054164652908,8.745061311471787,2024.0,7.0,2024-07-29,20.0,11.0,2.0,1.0,1.0,1,2024-07-29 20:11:47.088933542,2024.0,7.0,2024-07-29,20.0,11.0,1.0,2.0,1.0,63.371,986,31,3382
4689,72,1724106632.492152,2024-08-19 18:30:32.492156,2024-08-19 22:30:32.492177+00:00,112,15.667502417,7.148554825080133,85.7826579009616,0,0.8928571428571429,0.8928571428571429,NUM,31,24,"You shall wash your clothes on the seventh day, and you shall be clean. Afterward you shall come into the camp.""",4689,1,95.23809523809524,1.7857142857142856,v2,,,,,,,,72,98.67165575304023,72.15694290839856,73.60836599783416,64.92505994078788,3.2095824350138273,3.5549789089867834,4.1447800510757675,7.003043578579134,7.425861346050405,8.606120727201185,2024.0,8.0,2024-08-19,18.0,30.0,4.0,3.0,2.0,1,2024-08-19 18:30:48.159658417,2024.0,8.0,2024-08-19,18.0,30.0,3.0,4.0,2.0,63.608,995,135,4689
2240,73,1720562314.0,,2024-07-09 21:58:34.325961+00:00,185,25.88016771,7.148330802186612,85.77996962623934,0,1.0810810810810811,0.5405405405405406,EXO,26,4,"You shall make loops of blue on the edge of the one curtain from the edge in the coupling, and you shall do likewise on the edge of the curtain that is outermost in the second coupling.",2240,1,97.2972973,2.1621621621621623,v2,,mac,qwerty,,,,,73,98.65294667913939,74.35008415031763,68.10137122945622,65.716119499876,2.966356502328804,3.6373306168574,3.619399753044537,6.040821112765715,7.496626117882577,7.581202327587851,,,,,,,,,1,,,,,,,,,,60.662,850,121,2240
2988,74,1721856994.294552,2024-07-24 17:36:34.294562,2024-07-24 21:36:34.294585+00:00,101,14.129572458,7.148128529735871,85.77754235683045,0,0.99009900990099,0.99009900990099,LEV,10,10,"You are to make a distinction between the holy and the common, and between the unclean and the clean.",2988,1,100.0,1.98019801980198,v2,,,,,,,,74,98.63423760523854,65.1811231202307,72.8987921352413,68.45165308218442,3.9256745320946265,4.093658332981962,3.6318914565734493,8.028679695341541,8.493482479210728,7.596349637533293,2024.0,7.0,2024-07-24,17.0,36.0,4.0,3.0,2.0,1,2024-07-24 17:36:48.424134458,2024.0,7.0,2024-07-24,17.0,36.0,3.0,4.0,2.0,62.729,982,103,2988
2285,75,1720563843.145943,,2024-07-09 22:24:03.145966+00:00,120,16.78796833,7.147976313733973,85.77571576480767,1,0.0,0.0,EXO,27,12,"For the width of the court on the west side shall be hangings of fifty cubits; their pillars ten, and their sockets ten.",2285,1,100.0,0.0,v2,,mac,qwerty,,,,,75,98.6155285313377,75.75755717258997,69.64366831653493,66.24280735232082,2.917617503112402,4.097857600113182,3.5468461526409993,6.327753178337778,8.578574620838634,7.432893313709051,,,,,,,,,1,,,,,,,,,,60.926,890,2,2285
3700,76,1723159149.487582,2024-08-08 19:19:09.487585,2024-08-08 23:19:09.487611+00:00,145,20.299558292,7.143012567773167,85.716150813278,1,0.0,0.0,NUM,3,7,"They shall keep his requirements, and the requirements of the whole congregation before the Tent of Meeting, to do the service of the tabernacle.",3700,1,100.0,0.0,v2,,,,,,,,76,98.59681945743685,70.70453180151357,65.82206862370869,66.97330933984487,2.311542685690019,3.3341352952855825,4.873040956437223,4.866291893119166,7.048372912974884,10.209075203654947,2024.0,8.0,2024-08-08,19.0,19.0,2.0,2.0,1.0,1,2024-08-08 19:19:29.787143292,2024.0,8.0,2024-08-08,19.0,19.0,2.0,2.0,1.0,63.274,989,62,3700
5237,77,1725056583.5505002,2024-08-30 18:23:03.550503,2024-08-30 22:23:03.550519+00:00,182,25.48444325,7.141611775254301,85.69934130305161,1,0.0,0.0,DEU,11,28,"and the curse, if you do not listen to the commandments of the LORD your God, but turn away out of the way which I command you today, to go after other gods which you have not known.",5237,1,100.0,0.0,v2,,,,,,,,77,98.57811038353601,73.36765085329847,69.1281688643721,66.21467132775187,2.6722287897144312,2.7509798516072466,4.036384048503661,5.5769060365101195,5.904316332196431,8.446681423484355,2024.0,8.0,2024-08-30,18.0,23.0,3.0,2.0,1.0,1,2024-08-30 18:23:29.034946250,2024.0,8.0,2024-08-30,18.0,23.0,2.0,3.0,1.0,63.787,1002,54,5237
3622,78,1723072537.495011,2024-08-07 19:15:37.495016,2024-08-07 23:15:37.495037+00:00,57,7.981407292,7.141597705098045,85.69917246117654,1,0.0,0.0,NUM,1,17,Moses and Aaron took these men who are mentioned by name.,3622,1,100.0,0.0,v2,,,,,,,,78,98.55940130963518,51.062429294293906,61.381018522608855,66.6191347724675,3.55712179976886,6.231628971724792,4.927052185823939,7.904841890136008,13.075461015653106,10.344984335345178,2024.0,8.0,2024-08-07,19.0,15.0,2.0,2.0,1.0,1,2024-08-07 19:15:45.476423292,2024.0,8.0,2024-08-07,19.0,15.0,2.0,2.0,1.0,63.156,988,13,3622
4231,79,1724013610.906422,2024-08-18 16:40:10.906425,2024-08-18 20:40:10.906439+00:00,32,4.48498675,7.134915170039243,85.61898204047091,1,0.0,0.0,NUM,16,36,"The LORD spoke to Moses, saying,",4231,1,100.0,0.0,v2,,,,,,,,79,98.54069223573433,73.86244758566598,63.39600475503694,62.98715083602595,0.6216134319297204,3.3353905576568166,4.430706343790366,1.2432268638594377,6.746489095166586,9.263604726982077,2024.0,8.0,2024-08-18,16.0,40.0,5.0,3.0,2.0,1,2024-08-18 16:40:15.391411750,2024.0,8.0,2024-08-18,16.0,40.0,3.0,5.0,2.0,63.205,992,53,4231
5192,80,1725055522.748652,2024-08-30 18:05:22.748655,2024-08-30 22:05:22.748673+00:00,135,18.923201,7.134099563810584,85.60919476572701,1,0.0,0.0,DEU,10,5,"I turned and came down from the mountain, and put the tablets in the ark which I had made; and there they are as the LORD commanded me.",5192,1,100.0,0.0,v2,,,,,,,,80,98.52198316183349,61.39983173627648,69.30684991655848,66.15470958264193,3.834426345451534,2.883136449764078,4.023960417044269,8.169354778530572,6.109787707433409,8.407439969925036,2024.0,8.0,2024-08-30,18.0,5.0,1.0,1.0,1.0,1,2024-08-30 18:05:41.671856000,2024.0,8.0,2024-08-30,18.0,5.0,1.0,1.0,1.0,63.728,1002,9,5192
3909,81,1723255308.19302,2024-08-09 22:01:48.193023,2024-08-10 02:01:48.193044+00:00,33,4.626971292,7.1320952557144155,85.58514306857299,1,0.0,0.0,NUM,7,58,one male goat for a sin offering;,3909,1,100.0,0.0,v2,,,,,,,,81,98.50327408793265,66.39083570782283,63.422483155100466,66.26054632893862,3.113651145571565,3.587463529843281,4.736410594636259,6.4682661465648135,7.51567051679726,9.93556176806852,2024.0,8.0,2024-08-09,22.0,1.0,1.0,1.0,1.0,1,2024-08-09 22:01:52.819994292,2024.0,8.0,2024-08-09,22.0,1.0,1.0,1.0,1.0,63.41,990,109,3909
4633,82,1724105356.4669418,2024-08-19 18:09:16.466948,2024-08-19 22:09:16.466965+00:00,141,19.773653541,7.130700439736201,85.56840527683441,0,2.8368794326241136,2.8368794326241136,NUM,29,24,"their meal offering and their drink offerings for the bulls, for the rams, and for the lambs, according to their number, after the ordinance;",4633,1,91.66666666666666,5.673758865248227,v2,,,,,,,,82,98.48456501403182,76.57356917740891,70.99155713567092,64.63129868160897,3.5682107981140576,3.495723461048304,4.13205557216975,8.01603101176658,7.338298443082633,8.58670042087273,2024.0,8.0,2024-08-19,18.0,9.0,1.0,1.0,1.0,1,2024-08-19 18:09:36.240601541,2024.0,8.0,2024-08-19,18.0,9.0,1.0,1.0,1.0,63.492,995,79,4633
3191,83,1722046584.338644,2024-07-26 22:16:24.338646,2024-07-27 02:16:24.338659+00:00,127,17.815548917,7.128604377652025,85.54325253182431,0,2.3622047244094486,2.3622047244094486,LEV,15,22,"Whoever touches anything that she sits on shall wash his clothes, and bathe himself in water, and be unclean until the evening.",3191,1,95.45454545454544,4.724409448818897,v2,,,,,,,,83,98.46585594013096,77.04535818116715,70.94237438593245,68.91797244458628,1.933570915223671,4.417779378950129,4.151664202918475,4.169170049142225,9.336519001121157,8.718792636974479,2024.0,7.0,2024-07-26,22.0,16.0,2.0,2.0,1.0,1,2024-07-26 22:16:42.154194917,2024.0,7.0,2024-07-26,22.0,16.0,2.0,2.0,1.0,63.164,984,68,3191
3769,84,1723160778.3895118,2024-08-08 19:46:18.389514,2024-08-08 23:46:18.389526+00:00,174,24.412288709,7.127557849004628,85.53069418805553,1,0.0,0.0,NUM,4,25,"they shall carry the curtains of the tabernacle and the Tent of Meeting, its covering, the covering of sealskin that is on it, the screen for the door of the Tent of Meeting,",3769,1,100.0,0.0,v2,,,,,,,,84,98.44714686623011,70.65037546537438,68.81944432041726,66.80735447275374,5.462357205935564,4.258867134695481,4.900513031941182,10.924714411871125,8.905085084222328,10.266986527759961,2024.0,8.0,2024-08-08,19.0,46.0,5.0,4.0,2.0,1,2024-08-08 19:46:42.801802709,2024.0,8.0,2024-08-08,19.0,46.0,4.0,5.0,2.0,63.367,989,131,3769
2244,85,1720562401.233626,2024-07-21 00:01:12.000000,2024-07-09 22:00:01.233661+00:00,137,19.2426505,7.119601325191662,85.43521590229994,1,0.0,0.0,EXO,26,8,"The length of each curtain shall be thirty cubits, and the width of each curtain four cubits: the eleven curtains shall have one measure.",2244,1,100.0,0.0,v2,,mac,qwerty,,,,,85,98.42843779232928,76.4912925616516,68.48049949550962,65.79806945648906,3.068942581437632,3.64682694956216,3.6116390405498047,6.407283593564017,7.531747815550163,7.567293805824192,2024.0,7.0,2024-07-21,0.0,1.0,1.0,1.0,1.0,1,2024-07-21 00:01:31.242650500,2024.0,7.0,2024-07-21,0.0,1.0,1.0,1.0,1.0,60.7,850,125,2244
5266,86,1727298759.256397,2024-09-25 17:12:39.256401,2024-09-25 21:12:39.256418+00:00,136,19.11274725,7.1156698836165475,85.38803860339857,1,0.0,0.0,DEU,12,25,"You shall not eat it, that it may go well with you and with your children after you, when you do that which is right in the LORD's eyes.",5266,1,100.0,0.0,v2,,,,,,,,86,98.40972871842844,63.35672354822359,68.77714626663195,66.17458664903029,3.7543536214466173,2.79799726162234,4.001716843322301,8.012944318558883,5.942217266586186,8.370718623340583,2024.0,9.0,2024-09-25,17.0,12.0,2.0,1.0,1.0,1,2024-09-25 17:12:58.369148250,2024.0,9.0,2024-09-25,17.0,12.0,1.0,2.0,1.0,63.815,1003,5,5266
2893,87,1721854763.986676,2024-07-24 16:59:23.986679,2024-07-24 20:59:23.986698+00:00,116,16.31233475,7.111183149303627,85.33419779164352,1,0.0,0.0,LEV,7,13,He shall offer his offering with the sacrifice of his peace offerings for thanksgiving with cakes of leavened bread.,2893,1,100.0,0.0,v2,,,,,,,,87,98.3910196445276,69.73587356009526,68.07879024652112,67.88825116763729,1.7325327153843708,5.946488320873005,3.6193655759479233,3.9209706599179577,12.37332259143175,7.575228934219119,2024.0,7.0,2024-07-24,16.0,59.0,6.0,4.0,2.0,1,2024-07-24 16:59:40.299013750,2024.0,7.0,2024-07-24,16.0,59.0,4.0,6.0,2.0,62.398,982,8,2893
4620,88,1724105085.748075,2024-08-19 18:04:45.748082,2024-08-19 22:04:45.748113+00:00,163,22.930538458,7.108424440121797,85.30109328146156,0,4.9079754601226995,4.9079754601226995,NUM,29,11,"one male goat for a sin offering, in addition to the sin offering of atonement, and the continual burnt offering, and its meal offering, and their drink offerings.",4620,1,89.28571428571429,9.8159509202454,v2,,,,,,,,88,98.37231057062675,73.21156246541636,68.92467591099972,64.59380238907542,3.545236901454898,4.000135114809314,4.111375359885387,7.7362602776436376,8.269751463461686,8.536960776288135,2024.0,8.0,2024-08-19,18.0,4.0,1.0,1.0,1.0,1,2024-08-19 18:05:08.678620458,2024.0,8.0,2024-08-19,18.0,5.0,1.0,1.0,1.0,63.461,995,66,4620
2154,89,1720550254.556465,,2024-07-09 18:37:34.556491+00:00,112,15.75774938,7.1076139957962745,85.29136795,1,0.0,0.0,EXO,23,9,"""You shall not oppress an alien, for you know the heart of an alien, since you were aliens in the land of Egypt.",2154,1,100.0,0.0,v2,,mac,qwerty,,,,,89,98.35360149672591,73.1265288300081,66.13234465514849,65.32449900064361,1.6734565469380605,1.5515465989976656,3.6091211818246043,3.346913093876123,3.159290855108255,7.560701527926494,,,,,,,,,1,,,,,,,,,,60.396,850,35,2154
2041,90,1720321289.0,2024-07-21 01:29:12.000000,2024-07-07 03:01:29.249677+00:00,106,14.91597438,7.106475067271628,85.27770080725954,0,1.8867924528301887,1.8867924528301887,EXO,19,14,"Moses went down from the mountain to the people, and sanctified the people; and they washed their clothes.",2041,1,94.44444444444444,3.7735849056603774,v2,,mac,qwerty,,,,,90,98.33489242282508,74.74973855737143,68.11998340401531,64.26590796747126,2.881730940192022,3.7195086596816322,3.911662345387286,5.977940634104477,7.7676865833613284,8.213317590916862,2024.0,7.0,2024-07-21,1.0,29.0,3.0,2.0,1.0,1,2024-07-21 01:29:26.915974380,2024.0,7.0,2024-07-21,1.0,29.0,2.0,3.0,1.0,60.063,802,1,2041
5343,91,1727300821.300888,2024-09-25 17:47:01.300891,2024-09-25 21:47:01.300903+00:00,81,11.412935875,7.097209770312496,85.16651724374995,1,0.0,0.0,DEU,15,23,Only you shall not eat its blood. You shall pour it out on the ground like water.,5343,1,100.0,0.0,v2,,,,,,,,91,98.31618334892423,68.12728609333382,66.41672434893276,65.92436639731763,3.5681817507983937,3.757996708919863,3.9900785890069,8.300171768568859,7.929756774414033,8.365424180973687,2024.0,9.0,2024-09-25,17.0,47.0,5.0,4.0,2.0,1,2024-09-25 17:47:12.713826875,2024.0,9.0,2024-09-25,17.0,47.0,4.0,5.0,2.0,63.846,1003,82,5343
3840,92,1723253727.00031,2024-08-09 21:35:27.000314,2024-08-10 01:35:27.000336+00:00,103,14.513468416,7.096856316333751,85.16227579600502,1,0.0,0.0,NUM,6,16,"The priest shall present them before the LORD, and shall offer his sin offering and his burnt offering.",3840,1,100.0,0.0,v2,,,,,,,,92,98.29747427502339,65.8646669700974,67.62967426668112,66.4870824673159,4.080291103719945,4.174745473901215,4.916394904883196,8.633816590502562,8.832970306337824,10.307669230889088,2024.0,8.0,2024-08-09,21.0,35.0,4.0,3.0,2.0,1,2024-08-09 21:35:41.513782416,2024.0,8.0,2024-08-09,21.0,35.0,3.0,4.0,2.0,63.42,990,40,3840
3659,93,1723158244.1712651,2024-08-08 19:04:04.171268,2024-08-08 23:04:04.171281+00:00,93,13.106518833,7.095705670207539,85.14846804249046,1,0.0,0.0,NUM,1,54,"Thus the children of Israel did. According to all that the LORD commanded Moses, so they did.",3659,1,100.0,0.0,v2,,,,,,,,93,98.27876520112254,71.69809882530053,63.98034502050189,66.8223246032287,2.44831582346677,4.808980264828104,4.88846746135584,5.072070243424764,10.177552194054838,10.263190961656635,2024.0,8.0,2024-08-08,19.0,4.0,1.0,1.0,1.0,1,2024-08-08 19:04:17.277786833,2024.0,8.0,2024-08-08,19.0,4.0,1.0,1.0,1.0,63.218,989,21,3659
4649,94,1724105688.3564858,2024-08-19 18:14:48.356491,2024-08-19 22:14:48.356517+00:00,81,11.41547525,7.095630994425747,85.14757193310896,1,0.0,0.0,NUM,29,40,Moses told the children of Israel according to all that the LORD commanded Moses.,4649,1,100.0,0.0,v2,,,,,,,,94,98.2600561272217,75.11873618547884,72.34927418679416,64.77642668488217,5.009640231661873,3.5859510291869485,4.149748175610779,10.289550733594012,7.5106555893557,8.618953978668769,2024.0,8.0,2024-08-19,18.0,14.0,2.0,1.0,1.0,1,2024-08-19 18:14:59.771966250,2024.0,8.0,2024-08-19,18.0,14.0,1.0,2.0,1.0,63.535,995,95,4649
3141,95,1722045490.785921,2024-07-26 21:58:10.785923,2024-07-27 01:58:10.785937+00:00,146,20.577791458,7.0950276805939625,85.14033216712755,0,1.36986301369863,1.36986301369863,LEV,14,29,"The rest of the oil that is in the priest's hand he shall put on the head of him who is to be cleansed, to make atonement for him before the LORD.",3141,1,96.875,2.73972602739726,v2,,,,,,,,95,98.24134705332087,74.23453904270778,69.06243871734742,68.7789498457986,3.4353827457706343,4.5741538235225745,4.088115697031218,7.252024785753117,9.705172796516573,8.566694842814066,2024.0,7.0,2024-07-26,21.0,58.0,6.0,4.0,2.0,1,2024-07-26 21:58:31.363714458,2024.0,7.0,2024-07-26,21.0,58.0,4.0,6.0,2.0,63.013,984,18,3141
4246,96,1724013948.351755,2024-08-18 16:45:48.351757,2024-08-18 20:45:48.351771+00:00,32,4.518373291,7.082194838514064,84.98633806216877,1,0.0,0.0,NUM,17,1,"The LORD spoke to Moses, saying,",4246,1,100.0,0.0,v2,,,,,,,,96,98.22263797942001,75.19389721686568,66.55562834970586,63.10873892273917,1.6813858612917194,3.0056648717379786,4.3748820022657195,3.3627717225834366,6.074767784678603,9.146121186548111,2024.0,8.0,2024-08-18,16.0,45.0,5.0,4.0,2.0,1,2024-08-18 16:45:52.870130290,2024.0,8.0,2024-08-18,16.0,45.0,4.0,5.0,2.0,63.24,992,68,4246
4615,97,1724104977.0695732,2024-08-19 18:02:57.069575,2024-08-19 22:02:57.069587+00:00,247,34.883272708,7.0807576475860285,84.96909177103234,0,2.42914979757085,2.0242914979757085,NUM,29,6,"in addition to the burnt offering of the new moon with its meal offering, and the continual burnt offering with its meal offering, and their drink offerings, according to their ordinance, for a pleasant aroma, an offering made by fire to the LORD.",4615,1,95.34883720930232,4.8582995951417,v2,,,,,,,,97,98.20392890551918,76.08607074901705,68.1993067883793,64.45375977343285,2.5732265820615376,4.004277460254419,4.12554068297692,5.9156964289803735,8.292022168337912,8.570419627599406,2024.0,8.0,2024-08-19,18.0,2.0,1.0,1.0,1.0,1,2024-08-19 18:03:31.952847708,2024.0,8.0,2024-08-19,18.0,3.0,1.0,1.0,1.0,63.452,995,61,4615
1718,98,1720216725.385633,,2024-07-05 21:58:45.385656+00:00,100,14.12449442,7.079899431985453,84.95879318382543,0,1.0,1.0,EXO,8,7,"The magicians did the same thing with their enchantments, and brought up frogs on the land of Egypt.",1718,1,94.44444444444444,2.0,v2,home,mac,qwerty,yes,,,,98,98.18521983161833,67.98897885811525,65.67354709391648,61.224087793994265,4.942541485626978,3.426531576528953,3.9026519208547517,11.29446150890135,7.190431739744891,8.183027948916022,,,,,,,,,1,,,,,,,,,,58.643,702,24,1718
3023,99,1721965436.249289,2024-07-25 23:43:56.249295,2024-07-26 03:43:56.249320+00:00,99,13.994038708,7.074440914859302,84.89329097831163,1,0.0,0.0,LEV,11,25,"Whoever carries any part of their carcass shall wash his clothes, and be unclean until the evening.",3023,1,100.0,0.0,v2,,,,,,,,99,98.16651075771749,67.4417342210894,71.37458927209852,68.37666363271957,4.011073634836012,5.79988565924309,3.799818516207402,9.011158258683011,12.031477197267481,7.9402697067385395,2024.0,7.0,2024-07-25,23.0,43.0,5.0,3.0,2.0,1,2024-07-25 23:44:10.243333708,2024.0,7.0,2024-07-25,23.0,44.0,3.0,5.0,2.0,62.763,983,23,3023
4729,100,1724107422.137214,2024-08-19 18:43:42.137223,2024-08-19 22:43:42.137262+00:00,58,8.201380417,7.0719802095481805,84.86376251457817,1,0.0,0.0,NUM,32,10,"The LORD's anger burned in that day, and he swore, saying,",4729,1,100.0,0.0,v2,,,,,,,,100,98.14780168381665,70.21430418608102,70.94126551548233,64.91146233531595,3.0943156964333256,4.259249197310349,4.176460444067774,6.188631392866647,8.82609464734004,8.672817384455033,2024.0,8.0,2024-08-19,18.0,43.0,5.0,3.0,2.0,1,2024-08-19 18:43:50.338603417,2024.0,8.0,2024-08-19,18.0,43.0,3.0,5.0,2.0,63.636,995,175,4729
