Word,Count,Median WPM,Mistake-Free Entry Proportion
Meeting,133,107.4236738619717,0.9323308270676691
another,58,106.99542564839632,0.9655172413793104
division,12,106.94455831933594,1.0
touch,10,106.51460515335594,1.0
night,57,106.51294094154063,0.9122807017543859
the,11058,106.12130143848047,0.9777536625067824
offering,584,105.3128969513352,0.9383561643835616
and,5662,105.1381464941187,0.9728011303426352
might,35,104.92054023872952,0.9714285714285714
approach,5,102.95455441188416,1.0
other,89,102.5227503194532,0.9550561797752809
tomorrow,9,102.50860444946073,1.0
length,28,102.25779218486635,0.8928571428571429
them,1023,101.38157915969168,0.9628543499511242
right,61,101.23930270093905,0.9508196721311475
field,100,100.78878580698887,0.93
people,367,100.29930175331623,0.888283378746594
some,61,100.20574368550687,0.9508196721311475
person,27,99.97654480830641,0.9629629629629629
time,76,99.59368248732656,0.9342105263157895
either,12,99.54594860993726,0.8333333333333334
more,78,99.44673538857438,0.9871794871794872
friend,5,98.9248449404579,1.0
their,773,98.75164198058309,0.9560155239327296
offer,134,98.63932204799963,0.9701492537313433
middle,49,98.43446477712368,0.8979591836734694
name,140,98.32577963636123,0.9785714285714285
nation,23,98.2527387950939,1.0
there,284,97.83782996301808,0.9471830985915493
fields,5,97.82974227977269,1.0
remember,16,97.73129329135045,0.9375
torn,12,97.72020127351618,1.0
office,18,97.59419366366635,1.0
nations,45,96.76706333198551,0.9111111111111111
thin,11,96.62653437224546,0.9090909090909091
morning,74,96.52574879657502,0.918918918918919
generation,13,96.51215790274372,0.8461538461538461
leather,5,96.47837196441054,1.0
make,293,96.38065539849637,0.9453924914675768
month,81,96.03953617328251,0.9382716049382716
thing,98,96.01537238382778,0.9693877551020408
double,12,95.3799767449762,0.9166666666666666
liver,11,95.3055149644955,0.9090909090909091
work,122,95.25222931974238,0.9672131147540983
land,605,94.95659321460957,0.9504132231404959
form,7,94.8254056653573,1.0
sin,152,94.70956223200926,0.9671052631578947
number,48,94.62120079229382,0.9583333333333334
within,28,94.33472048906896,1.0
prince,44,94.26976388927307,0.9318181818181818
perform,8,94.20198611058541,1.0
portion,36,94.16210696113298,1.0
close,11,94.11641062754666,0.9090909090909091
place,167,94.06559138188359,0.9880239520958084
shall,2591,94.00970180122589,0.9471246622925511
than,44,93.95752667837067,0.9318181818181818
rock,11,93.83074282030223,1.0
latter,6,93.7790359608509,1.0
without,53,93.75016134235355,0.9811320754716981
offerings,114,93.64091853805567,0.8859649122807017
those,123,93.6397842182292,0.967479674796748
basin,12,93.45295570779737,0.9166666666666666
they,620,93.3317448948115,0.9629032258064516
light,30,93.32374635561163,0.8666666666666667
eight,21,93.27663927377918,0.9523809523809523
through,48,93.03119212854246,0.9166666666666666
front,19,93.02207205400401,0.9473684210526315
took,177,92.97591953901114,0.9717514124293786
running,9,92.93408252571754,0.8888888888888888
flock,46,92.8795742385164,0.9565217391304348
names,54,92.8083985515669,0.9259259259259259
haven't,13,92.57693268194939,1.0
father,287,92.54990906489402,0.9547038327526133
addition,30,92.52443512285464,1.0
too,16,92.49599864835261,1.0
mother,36,92.47870728065485,0.9444444444444444
remove,6,92.17803062608621,1.0
mighty,23,92.11705629588556,0.9565217391304348
according,214,91.93135509815767,0.9018691588785047
soon,6,91.9188350112664,1.0
all,890,91.90604561173976,0.9674157303370786
little,40,91.68336745845826,0.95
you,2340,91.68295537013614,0.9863247863247864
valuation,18,91.55452929794298,0.9444444444444444
skin,55,91.53264980488044,0.9818181818181818
deliver,15,91.41869572184991,0.9333333333333333
mountain,71,91.33119497830647,0.9154929577464789
would,40,91.32931447083715,1.0
enter,7,91.27338928138558,0.8571428571428571
really,5,90.99621898450907,1.0
into,272,90.95181206593229,0.9044117647058824
ordinance,21,90.935636077585,0.9047619047619048
high,16,90.87482846576,0.9375
distinction,5,90.7471766965254,1.0
cloak,5,90.63289512590369,1.0
man,332,90.62895417023287,0.9578313253012049
times,36,90.56677228822804,1.0
didn't,103,90.53620542980882,0.9223300970873787
fins,5,90.44444967849824,1.0
having,11,90.42666317676682,0.9090909090909091
this,284,90.38221640806809,0.9507042253521126
throughout,62,90.35924876523677,0.8064516129032258
table,21,90.26352440463108,0.9047619047619048
small,13,90.26032770892398,0.9230769230769231
ground,50,90.00167330478105,0.92
fought,8,89.98918224761857,0.875
thigh,24,89.92487041579167,0.875
plain,9,89.85501332006973,1.0
to,3826,89.63645445171697,0.9694197595399896
from,720,89.54560642520951,0.9138888888888889
price,9,89.50712334161705,0.8888888888888888
plains,9,89.37835954400279,1.0
sure,5,89.35613326806785,1.0
works,6,89.29732034553003,1.0
in,1947,89.24979954216118,0.9784283513097073
mine,16,89.20044014611125,1.0
command,46,89.01032121371324,0.8913043478260869
covering,28,88.89558916831191,0.8571428571428571
generations,70,88.85050946612063,0.8714285714285714
coming,12,88.76799315424242,0.9166666666666666
am,152,88.75915134439003,1.0
spring,9,88.73230190026499,1.0
spoken,44,88.6656206316014,0.9772727272727273
which,697,88.39716062839439,0.9526542324246772
overlay,12,88.35948477313283,0.9166666666666666
fish,8,88.26283661700441,1.0
matter,13,88.23767307451917,0.8461538461538461
things,77,88.18312007754245,0.922077922077922
living,39,88.15221486829103,0.9743589743589743
measure,5,88.06326853528655,1.0
priest,252,88.00506571211113,0.9285714285714286
stoned,7,87.98013641178404,1.0
river,40,87.93438946584573,1.0
provide,6,87.91111652187794,1.0
unclean,141,87.90652187904377,0.9361702127659575
Tomorrow,5,87.86386810862392,1.0
since,21,87.83624745772804,1.0
on,993,87.80732765905796,0.9778449144008057
houses,64,87.75672850751378,0.953125
onto,7,87.75510784638384,1.0
evening,72,87.74442121462522,0.9166666666666666
meal,103,87.67039220171861,0.9805825242718447
boy,17,87.65823757634712,1.0
south,13,87.57135092920932,0.9230769230769231
alive,30,87.54441079352753,0.9333333333333333
princes,32,87.47069953641392,0.9375
fallen,5,87.32075368725526,0.8
son,351,87.24125866337202,0.9715099715099715
workman,10,87.23675364448432,1.0
worked,9,87.2136334289857,1.0
male,160,87.01861013020972,0.95625
appoint,11,86.88248571933526,0.8181818181818182
ever,5,86.87003207818907,0.8
widow,7,86.78774159311556,1.0
touched,5,86.76912082798714,1.0
theirs,9,86.68117208662846,1.0
incense,46,86.67284426334996,0.9565217391304348
brought,181,86.5144116015826,0.8066298342541437
spoke,204,86.46062570923638,0.9411764705882353
clothing,13,86.39412198584363,1.0
golden,28,86.35996833528172,0.9642857142857143
don't,65,86.33341444933176,0.9846153846153847
Aaron,271,86.28455997004924,0.955719557195572
weight,18,86.2509832017345,0.8333333333333334
plague,74,86.23855737813219,0.9324324324324325
everything,11,86.21864941718887,1.0
anything,44,86.20569972080051,0.8863636363636364
sign,15,86.17955915115827,1.0
company,16,86.15032776177836,1.0
males,13,86.04931972405211,0.9230769230769231
for,1473,86.03509090309974,0.96673455532926
that,1303,86.01388806040791,0.9339984650805833
present,20,85.96807086292102,0.95
remain,13,85.9121862763487,1.0
shown,14,85.83273319513114,0.9285714285714286
lot,11,85.80668112270891,0.8181818181818182
coupled,6,85.76260644169287,1.0
fountain,5,85.72070520013273,0.8
gotten,5,85.61079683513104,0.8
certain,7,85.55587281732875,0.7142857142857143
everlasting,10,85.52795029457864,0.9
fifteen,7,85.50859252636823,1.0
proclaim,5,85.43158915325837,0.6
court,37,85.42458957488986,0.972972972972973
daughter,94,85.39984226614612,0.8404255319148937
please,30,85.3904108101749,0.9666666666666667
soul,69,85.35188314260299,0.9565217391304348
inside,10,85.30573657853078,1.0
sight,59,85.30395844133318,0.8983050847457628
coupling,12,85.2712857805221,0.9166666666666666
perish,13,85.27096975901416,0.9230769230769231
third,35,85.24869085539069,0.9428571428571428
camp,80,85.24781604057915,0.875
divisions,8,85.24648477074354,0.75
once,6,85.17624902682012,1.0
rivers,5,85.17431603989115,1.0
happen,29,85.1735057419222,0.896551724137931
willing,7,85.13091810608168,1.0
commanded,160,85.0674723153551,0.8
sheep,43,85.06583095083198,0.9302325581395349
room,5,85.01589034663216,1.0
property,7,84.96435203341933,1.0
second,41,84.96141219630819,0.8536585365853658
fire,159,84.95689875460708,0.9811320754716981
anger,30,84.88280779994543,0.9666666666666667
been,37,84.74915432394255,0.972972972972973
wind,10,84.73585771369163,0.9
harden,5,84.71625182149648,1.0
woven,11,84.65764749299443,1.0
able,41,84.64745061612182,1.0
come,183,84.56460976049692,0.8852459016393442
leavened,10,84.49900043045383,1.0
cloth,7,84.48956921561037,0.8571428571428571
language,5,84.44924670559398,1.0
release,6,84.43826027354518,1.0
loving,12,84.4351786980234,1.0
count,21,84.38636084346278,1.0
couldn't,13,84.35992604281279,0.8461538461538461
fine,82,84.24625163773075,0.9634146341463414
side,78,84.24280789679324,0.9230769230769231
power,13,84.20549856797182,0.9230769230769231
speak,56,84.18353972082443,0.9285714285714286
thousand,90,84.05504514643295,0.9333333333333333
slave,7,83.98197746763545,1.0
clean,65,83.96800115504143,0.8769230769230769
iron,7,83.94815152291565,0.8571428571428571
rich,6,83.93375859224409,1.0
touches,35,83.92961452701729,0.9428571428571428
son's,16,83.79254364190605,0.9375
valleys,5,83.78546731095031,0.8
today,63,83.78364622764244,0.9682539682539683
also,146,83.77788566710532,0.9726027397260274
together,46,83.73757877919734,0.8478260869565217
therefore,56,83.65234496617458,0.8928571428571429
prison,9,83.64707443723994,1.0
wholly,8,83.63898685393286,1.0
wall,11,83.58007113510303,0.8181818181818182
sought,5,83.57698665744599,0.8
of,6290,83.57168556553378,0.9748807631160572
broke,5,83.57139085088437,0.8
carried,8,83.52880549810946,1.0
minister,27,83.50848128185186,0.9259259259259259
look,17,83.50152018170681,0.9411764705882353
shoulder,14,83.4338809895547,0.8571428571428571
sealskin,7,83.39306397735618,0.7142857142857143
LORD,1295,83.35811645389363,0.9374517374517375
changed,7,83.35331720844228,1.0
eleven,8,83.34139855290577,1.0
sinned,31,83.26290361384628,0.9032258064516129
again,66,83.25786727434067,0.9393939393939394
counted,94,83.24349294557916,0.9148936170212766
fight,8,83.22101090044768,0.75
can't,17,83.2169788911312,0.8235294117647058
standing,11,83.20898631534783,1.0
sound,9,83.20628011713714,1.0
could,7,83.18202200045809,1.0
with,1080,83.1806796368399,0.9185185185185185
moves,8,83.17255304993262,0.875
along,15,83.14905815967026,0.9333333333333333
taken,52,83.10403855703063,0.9038461538461539
including,5,83.0885501690624,1.0
parable,7,83.06089278099488,1.0
Place,7,83.05147266864415,0.8571428571428571
sit,5,83.04371357646495,1.0
tent,46,83.02685939523661,0.9347826086956522
hang,9,83.01963757922499,1.0
curtain,22,83.01280420264743,0.9090909090909091
father's,58,82.9756513086563,0.9655172413793104
finger,18,82.97291137016148,1.0
ends,14,82.968879513632,1.0
open,15,82.92574107862634,1.0
continual,20,82.9139812179593,0.85
service,63,82.79188695924556,0.9523809523809523
have,548,82.66388556685692,0.9817518248175182
listen,46,82.64250166527631,0.9347826086956522
wonders,9,82.5856519170721,0.7777777777777778
same,35,82.57373737981918,0.8857142857142857
keeping,5,82.56920303314665,0.8
master,29,82.55161691192049,0.9310344827586207
dove,5,82.54342656102054,1.0
offered,30,82.5423310960901,0.9
sister,41,82.53521427678271,1.0
entered,11,82.4603889226377,0.8181818181818182
alien,6,82.45284504108002,1.0
shave,10,82.38865571634066,0.9
angel,28,82.38015152480577,1.0
remembered,7,82.3557967345368,1.0
outside,42,82.32393355547792,0.9523809523809523
delivered,23,82.31781559962803,0.8695652173913043
talked,6,82.29160506349513,1.0
men,149,82.25943827086091,0.9530201342281879
planted,6,82.25878663325143,1.0
stone,47,82.25147409686747,0.9787234042553191
lead,8,82.24752074255926,1.0
voice,63,82.1565078818756,0.9047619047619048
cause,22,82.15423480478674,1.0
rain,12,82.15404825856976,0.9166666666666666
blessings,5,82.00719959125303,1.0
chains,8,81.90968505802729,0.75
drove,6,81.86068220816902,1.0
South,11,81.84545123443401,1.0
house,180,81.82882075635635,0.9944444444444445
wood,52,81.79133726833203,0.9423076923076923
thanksgiving,5,81.75910389751041,0.8
placed,5,81.75792409127172,1.0
play,10,81.72871283609405,0.9
about,28,81.7134693324289,0.9642857142857143
love,20,81.71122986799637,0.95
cleanse,10,81.68225326417684,1.0
lamp,29,81.68009711232625,0.8275862068965517
promised,7,81.66236795536425,0.7142857142857143
woman,77,81.65147822611868,0.8701298701298701
captain,9,81.63853730359203,0.7777777777777778
Gather,5,81.6337058768757,0.8
ordinances,29,81.62325528166231,0.8620689655172413
laugh,5,81.60716697643251,1.0
else,11,81.58682984599211,1.0
lord,43,81.5751077882065,0.9302325581395349
height,13,81.57056574533615,0.8461538461538461
places,15,81.53697579886753,0.9333333333333333
found,61,81.4939009910169,0.9344262295081968
period,10,81.40889586742657,0.9
nothing,24,81.34223713371168,0.7916666666666666
door,82,81.33270238603784,0.8414634146341463
pit,9,81.32455103482667,1.0
linen,50,81.30910918457036,0.88
off,71,81.29847209684003,1.0
holy,189,81.21685398482391,0.9523809523809523
these,141,81.2048773679469,0.9078014184397163
scales,5,81.19275156176033,1.0
convocation,16,81.19133657932778,0.875
blessing,17,81.17522274301436,1.0
over,185,81.16975190526207,0.9621621621621622
comes,31,81.16277854685146,0.9032258064516129
white,29,81.14486390480124,0.9310344827586207
driven,5,81.13225314835596,1.0
Tent,153,81.1314169582196,0.9281045751633987
meat,45,81.08847766519244,1.0
sun,13,81.03220004894615,0.9230769230769231
then,240,81.00597900888481,0.9083333333333333
image,12,80.96211800195701,1.0
anointing,23,80.95978830538603,0.9565217391304348
pass,50,80.91288455687612,0.94
big,5,80.89975521217235,1.0
call,18,80.87086673210351,0.8888888888888888
worship,6,80.84390045473656,1.0
sons,365,80.80164211426566,0.9287671232876712
saying,272,80.7863515182394,0.9448529411764706
settings,10,80.78513712379407,0.8
it,1197,80.75943018528464,0.9699248120300752
stand,59,80.74800472756958,0.9661016949152542
sins,21,80.74232474815334,0.9523809523809523
sleep,7,80.72809117508116,0.8571428571428571
persons,10,80.72121207757277,1.0
around,80,80.71176784133083,0.9375
tabernacle,93,80.65671368420963,0.989247311827957
pleased,5,80.57735918675297,0.8
mother's,18,80.54280997098546,0.9444444444444444
women,18,80.53825535727576,1.0
semen,5,80.53201240574714,1.0
got,7,80.51609312727511,0.8571428571428571
thousands,18,80.51412373023452,0.8888888888888888
sold,24,80.47910983559154,1.0
walk,24,80.46576736270838,0.7083333333333334
presented,12,80.45666890140186,1.0
married,12,80.44142362794071,1.0
messengers,7,80.41678233029222,1.0
water,146,80.40919776344555,0.9315068493150684
turned,40,80.40758721774995,0.975
wings,6,80.40455193265049,1.0
youth,6,80.39078035541216,1.0
never,6,80.29677433073053,1.0
discharge,27,80.28146586784862,1.0
burnt,147,80.27949305507124,0.9319727891156463
country,24,80.26973637640418,0.875
word,42,80.24151511236948,0.9761904761904762
should,48,80.2231664168816,0.9375
keep,101,80.18713673034443,0.9603960396039604
wouldn't,6,80.18353475014112,0.8333333333333334
pronounce,21,80.17007433972053,0.9047619047619048
many,32,80.15401618018258,0.90625
use,7,80.10888880820144,1.0
rings,42,80.10595897658979,0.8809523809523809
live,59,80.07927848570084,0.9830508474576272
did,114,80.07571705112835,0.9210526315789473
silver,82,80.04250952876168,0.9390243902439024
book,6,80.0342896614826,0.8333333333333334
gold,115,80.02462984719999,0.9652173913043478
me,519,80.01837088431552,0.9826589595375722
tribe,93,80.00554705126223,0.978494623655914
flowing,11,79.98330512280901,0.9090909090909091
wrong,7,79.9505462165352,0.8571428571428571
store,5,79.92162352786035,1.0
sunrise,6,79.92052139197568,1.0
ran,15,79.91243674655932,0.9333333333333333
brother,110,79.89254933165023,0.9363636363636364
wasn't,6,79.87808994594926,0.8333333333333334
bring,149,79.86799152134714,0.9463087248322147
prevailed,5,79.86213181303717,1.0
LORD's,109,79.85188584230224,0.926605504587156
want,5,79.84906304618683,0.8
done,86,79.83883205702573,0.9534883720930233
doing,10,79.82745757965283,1.0
apart,8,79.80602910901789,1.0
innards,18,79.80460313505458,0.9444444444444444
poles,35,79.79544883545545,0.9714285714285714
an,245,79.77672489121072,0.9877551020408163
tooth,6,79.77202557913635,1.0
livestock,82,79.75934363633112,0.9146341463414634
wagons,8,79.73366325507968,1.0
garment,27,79.7302365413403,0.9629629629629629
slain,13,79.67609902249697,1.0
rebelled,8,79.66733907586956,0.875
plunder,16,79.64750416486686,0.875
is,1091,79.63902496986061,0.9789184234647113
won't,25,79.62789005760764,0.88
seventh,58,79.62444381845954,0.8103448275862069
much,21,79.59556604077528,0.9523809523809523
tribute,6,79.55575810381883,0.8333333333333334
follow,12,79.55110937340987,0.8333333333333334
themselves,52,79.52302730849212,0.8653846153846154
distance,6,79.52044372050173,1.0
be,1148,79.52021168513036,0.9799651567944251
pasture,7,79.51641396134164,0.8571428571428571
return,28,79.4291510117715,0.9642857142857143
whole,36,79.40961618253962,0.9444444444444444
receive,5,79.39546966141967,0.8
tell,79,79.39302930823615,0.9113924050632911
interpretation,5,79.35309748970846,0.8
understanding,6,79.32768955991381,0.6666666666666666
wrote,7,79.29495325789817,1.0
wine,30,79.26406805655525,1.0
commandment,31,79.22452195431302,0.8064516129032258
Ammon,8,79.21868323188369,0.875
ram,72,79.20159453474704,1.0
reason,9,79.17522142563043,0.7777777777777778
given,67,79.16919843165817,0.9104477611940298
meet,26,79.16591167949792,1.0
earthen,6,79.1469407467075,1.0
flesh,63,79.13122701578286,0.9206349206349206
anointed,24,79.12935805524839,0.9166666666666666
surely,77,79.05979969160991,0.935064935064935
forgiven,14,79.03161724711256,0.7857142857142857
woof,9,79.02933314800076,1.0
witness,11,79.00362635391795,1.0
mercy,31,78.9938942656851,1.0
inheritance,67,78.97729193447398,0.8805970149253731
one,507,78.95463328619172,0.9506903353057199
indeed,16,78.94749056875162,0.875
loose,7,78.88749779259633,1.0
stolen,9,78.87544067859336,1.0
when,206,78.86537893670845,0.9320388349514563
hand,265,78.84031364884298,0.9358490566037736
wash,48,78.79020657466822,0.9583333333333334
anoint,10,78.75806402810804,0.8
turn,24,78.73297268193612,0.875
removed,6,78.6991467573126,1.0
enough,11,78.6614587726232,0.9090909090909091
earth,177,78.65057457908536,0.96045197740113
tunic,13,78.63461053550627,1.0
against,149,78.6082594821213,0.9798657718120806
his,1495,78.56754636813245,0.9672240802675586
three,104,78.54061385668626,0.9423076923076923
burning,12,78.53290244358152,1.0
Rachel,40,78.49913526767054,0.975
fall,16,78.4280728444792,0.875
regular,12,78.4202301113021,0.9166666666666666
slaves,9,78.41954478022797,1.0
burn,61,78.41394722741352,0.9508196721311475
give,196,78.36298629719803,0.9336734693877551
gathered,45,78.28779695081263,0.9111111111111111
outermost,6,78.19160602054973,1.0
flood,10,78.14187328944388,0.9
Aaron's,29,78.13888375058545,0.8620689655172413
ones,23,78.10581462365631,1.0
camps,7,78.09432072745048,1.0
long,28,78.07151514456578,0.9642857142857143
tail,6,78.05620357466269,1.0
him,899,77.98564533823388,0.9766407119021134
cover,26,77.98023219974975,0.6923076923076923
bind,6,77.90794728441182,1.0
hidden,6,77.90537028708351,0.8333333333333334
months,6,77.87429886278653,0.8333333333333334
spotted,6,77.87065862042203,1.0
utterly,17,77.86349373275766,0.9411764705882353
lands,15,77.77936037170757,1.0
home,5,77.76046088314123,0.8
man's,26,77.75753313397942,0.9615384615384616
flies,8,77.73047987316198,1.0
nakedness,36,77.70762337575601,0.8333333333333334
curtains,23,77.68716410796372,0.9565217391304348
can,22,77.64434896763834,0.9545454545454546
hands,59,77.59565135760678,0.9152542372881356
report,8,77.58361057753189,0.875
flocks,41,77.54601332714401,0.9512195121951219
will,928,77.52690104835744,0.9396551724137931
flee,14,77.52116515102199,1.0
what,85,77.4995522503733,0.9647058823529412
famine,26,77.4950783943971,0.9230769230769231
border,47,77.44100851046782,0.8723404255319149
atonement,79,77.41405056115069,0.8607594936708861
clothes,41,77.3898670169101,0.9024390243902439
north,13,77.34802419138867,0.8461538461538461
standard,11,77.31209210447238,0.9090909090909091
met,9,77.30012845048233,0.8888888888888888
doesn't,22,77.26686936157562,0.9090909090909091
owner,10,77.24455226115384,1.0
stones,36,77.24228850549244,0.9444444444444444
blood,146,77.18329446483199,0.8904109589041096
four,74,77.18226879573923,0.9864864864864865
cloud,50,77.1548547836931,0.96
hasn't,13,77.10931115012687,1.0
valley,24,77.02841669620278,0.9166666666666666
put,262,77.00643676977857,0.9541984732824428
nights,9,76.97908759805124,0.8888888888888888
board,17,76.94655963198451,1.0
appearance,12,76.9380697617595,0.5833333333333334
yourself,27,76.88285665461669,0.8888888888888888
filled,17,76.87558407426181,0.9411764705882353
take,200,76.86798533221156,0.975
magicians,9,76.86110853023449,1.0
hair,30,76.78972026116418,0.8666666666666667
drink,88,76.77879412695683,0.8863636363636364
bone,5,76.76535327816198,0.8
foot,19,76.74572542298087,0.8421052631578947
opened,18,76.72940764295853,0.9444444444444444
listened,14,76.7235641764953,0.8571428571428571
midwives,6,76.70551358910936,1.0
part,45,76.70130591387777,0.9333333333333333
children,550,76.69360424256232,0.9327272727272727
drank,12,76.68686559654971,1.0
walked,9,76.68453011139331,1.0
screen,23,76.68142663072057,0.9130434782608695
frogs,11,76.66624098588207,0.8181818181818182
tip,8,76.65394108702802,1.0
continually,13,76.57725764222539,0.8461538461538461
himself,94,76.56011803084667,0.8936170212765957
animal,69,76.55012675015824,0.855072463768116
thick,7,76.53924819560731,1.0
fell,27,76.53757311263631,1.0
poor,21,76.50410757247667,0.9047619047619048
manna,8,76.4881452720918,0.875
Goshen,12,76.43305956799654,0.9166666666666666
grain,37,76.43166054151831,0.972972972972973
brick,5,76.42680485482171,1.0
creeps,11,76.42049914337716,1.0
whatever,32,76.39175966432161,0.8125
plenty,5,76.34020801646403,1.0
bathe,24,76.21290311883735,0.9166666666666666
black,8,76.18700518283866,0.875
leave,18,76.16844914520323,0.8333333333333334
base,21,76.16667410481844,1.0
warp,9,76.12536181849217,1.0
order,14,76.08981026686922,0.8571428571428571
reach,5,76.0890282109431,1.0
past,7,76.08208433945681,0.8571428571428571
mouth,35,76.08005953355953,0.9428571428571428
her,361,75.99434499903032,0.9722991689750693
empty,9,75.98277392506138,1.0
naked,7,75.95905821447658,0.8571428571428571
altar,184,75.94990624795949,0.9130434782608695
bright,12,75.93479283812104,0.6666666666666666
being,20,75.89053316731815,0.9
gather,25,75.88476897830643,0.8
causes,6,75.85940899550926,1.0
garments,45,75.85389458037648,0.9555555555555556
good,85,75.78130226615696,0.8588235294117647
talents,5,75.77352701441343,1.0
gone,22,75.77343069305638,0.9090909090909091
hail,17,75.74380810109284,1.0
alone,18,75.7410920182267,0.9444444444444444
hin,16,75.73317395948531,0.875
heaven,17,75.72889718277848,0.8823529411764706
inherit,16,75.70362417194673,1.0
before,419,75.70045592439521,0.8902147971360382
she,164,75.59016193434451,0.9512195121951219
told,47,75.57633342800791,0.9787234042553191
show,26,75.53531827635814,1.0
swelling,7,75.52963189415193,0.7142857142857143
spied,5,75.49222107708212,1.0
strong,18,75.47100000639878,0.9444444444444444
life,52,75.43400555509376,0.9807692307692307
broken,10,75.39840809719824,1.0
itch,12,75.39484776771042,1.0
animals,31,75.39316640988905,0.8709677419354839
horns,20,75.3886626579489,1.0
daughters,89,75.38349168414027,0.7752808988764045
while,15,75.37967015547358,1.0
moved,6,75.33759299974648,1.0
called,121,75.31557681718009,0.859504132231405
wait,7,75.31085331348315,1.0
know,91,75.30633404729124,1.0
loops,13,75.30222472591521,0.8461538461538461
yourselves,41,75.29560584256254,0.8780487804878049
ring,6,75.27667877693409,1.0
behind,13,75.26297612969798,0.9230769230769231
no,186,75.21136841763428,0.989247311827957
Asher,16,75.19539266989369,0.9375
go,328,75.18473878282208,0.9664634146341463
end,39,75.18149925980995,0.9230769230769231
wisdom,9,75.17091595500081,0.8888888888888888
move,6,75.16526853676658,1.0
desire,9,75.14243138285909,0.8888888888888888
death,61,75.12641192656832,0.9344262295081968
congregation,100,75.12238334263867,0.71
like,84,75.08373167584308,0.9523809523809523
out,578,75.03276178772987,0.9498269896193772
honey,15,75.02232692582686,0.9333333333333333
allow,8,75.00753558019834,1.0
remains,13,75.00329257757693,0.9230769230769231
duty,17,74.97608180985176,1.0
separation,13,74.95409061949556,1.0
calf,13,74.94113022933936,1.0
servant,109,74.9394713221029,0.908256880733945
spread,34,74.93154830292518,0.8823529411764706
anyone,14,74.92677459734927,1.0
possessions,12,74.86858563286275,0.75
width,27,74.86591196986072,0.9259259259259259
praise,5,74.83684009757893,1.0
hollow,7,74.8304395245269,1.0
left,54,74.80852889862135,0.9629629629629629
so,169,74.80593307174883,0.9704142011834319
become,33,74.80219953083416,0.9393939393939394
last,6,74.79689871516665,1.0
crushed,5,74.73076074913584,1.0
peace,69,74.66544439666036,0.9565217391304348
pillar,23,74.65630229259219,0.9130434782608695
heart,80,74.6461902872174,0.9375
sits,7,74.61569037111238,1.0
are,443,74.61262322930179,0.9706546275395034
hate,11,74.59876935342682,0.9090909090909091
burden,9,74.59193611111161,0.8888888888888888
hill,16,74.57423435873582,1.0
remained,17,74.56904092799644,1.0
priests,21,74.56471734437028,0.8571428571428571
born,46,74.56393755830356,0.9782608695652174
traveled,74,74.53533907974425,0.8513513513513513
carries,7,74.5238844684751,1.0
hear,30,74.52087487460643,0.9333333333333333
always,7,74.47772818947193,0.8571428571428571
platter,13,74.46030684278705,0.8461538461538461
lives,21,74.43656562896197,0.9047619047619048
money,54,74.42359443337563,0.9074074074074074
surface,27,74.41220998062626,0.8888888888888888
firstborn,78,74.3911809340463,0.8589743589743589
sanctified,9,74.38274713899872,0.7777777777777778
consume,15,74.38255288577594,0.9333333333333333
words,58,74.36722455457573,0.9482758620689655
brothers,100,74.33114080244519,0.91
Arnon,13,74.31460264366545,1.0
arise,5,74.26738703969113,1.0
families,99,74.20585961546098,0.8080808080808081
does,21,74.17133329517218,0.9047619047619048
honest,5,74.14266748326577,1.0
came,239,74.13898378408516,0.9205020920502092
beaten,15,74.1020784083025,1.0
known,23,74.04498938507075,0.9565217391304348
struck,46,74.04384263651517,0.8695652173913043
top,22,74.03803446307063,0.9545454545454546
corners,14,74.02796813369716,0.8571428571428571
void,6,74.02739431082927,1.0
multiply,27,74.01939955321211,0.9629629629629629
creature,8,74.00899425029132,0.875
cud,11,74.00644421391667,1.0
under,73,73.99315360834525,0.9452054794520548
sent,77,73.98368279703156,0.935064935064935
knowledge,7,73.9722354118447,0.8571428571428571
rods,15,73.97078505967794,1.0
boards,32,73.96228271786856,0.9375
Bashan,16,73.96109929680304,0.9375
wilderness,102,73.89030265499059,0.7450980392156863
Marah,5,73.86001307536426,1.0
going,19,73.85658466841932,0.9473684210526315
went,231,73.80049223267808,0.9177489177489178
prepare,9,73.78687298589014,1.0
loved,10,73.75806197976733,0.9
history,11,73.75206456063977,0.7272727272727273
signet,11,73.72826424209904,0.9090909090909091
both,69,73.69533351168627,0.8985507246376812
stopped,9,73.6928942642615,1.0
not,590,73.69073994873321,0.9728813559322034
Speak,42,73.68218121664486,0.9761904761904762
sword,31,73.665409123649,0.8709677419354839
young,73,73.63919372446792,0.9315068493150684
every,173,73.62533447759374,0.9653179190751445
engravings,6,73.58129854665796,0.8333333333333334
let's,15,73.56125305959795,0.9333333333333333
cattle,40,73.54913224877939,1.0
write,6,73.52128599693084,0.6666666666666666
offers,17,73.48228772067526,0.7647058823529411
locusts,6,73.45410315447353,1.0
joined,13,73.42964455940992,0.9230769230769231
kinds,11,73.42779992757278,1.0
down,144,73.38045450919154,0.9583333333333334
sprinkled,13,73.37692823323061,0.9230769230769231
floor,7,73.3768393745325,1.0
tribes,23,73.36910416833318,0.9130434782608695
encamped,64,73.34532075605419,0.9375
solemn,13,73.34392974512099,0.8461538461538461
answered,30,73.32862114867164,0.9333333333333333
first,82,73.30026499861538,0.9024390243902439
commandments,40,73.25822625387926,0.7
dip,7,73.24951453782504,1.0
food,51,73.244809229637,0.8823529411764706
die,70,73.22334111747452,1.0
named,33,73.15936747020547,0.7878787878787878
fourteen,11,73.15433426365605,1.0
Sodom,21,73.14555447225635,0.9047619047619048
severe,9,73.10703549384041,0.7777777777777778
whose,23,73.10529355430626,0.9565217391304348
finished,18,73.10474756723906,0.8333333333333334
head,100,73.09900081110821,0.95
forward,18,73.03866035148513,1.0
well,61,73.02800615059516,0.9180327868852459
dung,5,73.0027058528969,1.0
said,827,72.91404592255729,0.9262394195888755
takes,8,72.90277843476409,1.0
strike,21,72.90204433279632,0.9523809523809523
overlaid,15,72.80076979230643,0.9333333333333333
instead,10,72.77936199580077,0.9
waved,10,72.75904068824588,0.8
were,475,72.72664838001558,0.9410526315789474
harm,8,72.71549065310148,0.875
ark,38,72.69556410205766,0.9473684210526315
heard,73,72.69009425517355,0.9452054794520548
turban,9,72.68638663479065,1.0
most,26,72.67490285310915,0.8846153846153846
goat,61,72.63011619116322,0.9672131147540983
ladle,12,72.62316132342268,1.0
ourselves,8,72.62045240979117,1.0
pillars,40,72.61546809433699,0.95
bush,5,72.59254119079999,0.8
pleasant,39,72.56396027827046,0.7948717948717948
priest's,25,72.5572144472733,0.88
fifty,65,72.54548771654905,0.9538461538461539
assembled,7,72.52866341004597,0.8571428571428571
servants,95,72.50224569475378,0.9052631578947369
divide,15,72.45133559508962,0.8666666666666667
Egyptians,67,72.4498714392125,0.8955223880597015
threshing,6,72.4369913157922,0.8333333333333334
redeem,26,72.43659545651934,1.0
laid,24,72.42143611866697,1.0
lie,20,72.41541958051437,1.0
near,94,72.39818687062875,0.9361702127659575
molding,10,72.33592344407137,1.0
creeping,19,72.2999022539212,0.8421052631578947
received,8,72.28995327111801,1.0
year,114,72.27572581351117,0.956140350877193
fill,6,72.22858655736978,0.8333333333333334
marry,5,72.21528100308441,1.0
passed,18,72.19302532088179,0.9444444444444444
divided,15,72.16667406790322,1.0
brings,14,72.16544470796116,0.9285714285714286
Enoch,9,72.13597631535444,1.0
defile,14,72.1141654580431,0.9285714285714286
still,25,72.05844666373571,0.96
beside,9,72.05544666620965,0.7777777777777778
sockets,53,72.05542346709885,0.9245283018867925
almond,7,72.05173314439767,1.0
strikes,8,71.99179238267851,0.875
hoof,13,71.91393247073789,0.9230769230769231
washed,14,71.8759374025515,0.7857142857142857
afflict,10,71.8541571949566,1.0
well's,5,71.84677776556771,0.8
hears,11,71.82268060372058,1.0
encamp,16,71.80949438528347,0.9375
each,67,71.73242013977361,0.9552238805970149
basket,14,71.72715467586491,0.9285714285714286
increase,17,71.69947166451817,0.9411764705882353
spies,7,71.65921745413878,1.0
bound,20,71.6127670358915,0.95
cake,6,71.5771940236854,1.0
tenth,26,71.56033931282192,0.9615384615384616
sides,14,71.55793943015223,0.7142857142857143
sells,7,71.54048834653378,1.0
Moses,626,71.54014958313799,0.952076677316294
battle,11,71.50981217964716,0.7272727272727273
Perhaps,6,71.50715505052611,0.8333333333333334
led,10,71.5046484421098,0.9
defiled,19,71.47535046521357,0.8947368421052632
pots,5,71.47016483106046,1.0
departed,15,71.42266380709268,0.8666666666666667
scarlet,35,71.41633215100818,0.9428571428571428
sell,11,71.37641990747832,1.0
increased,6,71.30081870447759,0.8333333333333334
burned,45,71.27963313014342,0.9333333333333333
season,12,71.27242020137075,0.9166666666666666
send,30,71.27155996568925,0.8666666666666667
covers,10,71.24604455533989,0.8
hardened,14,71.23615819403346,0.9285714285714286
accept,5,71.20974099805645,1.0
your,1484,71.18420453142542,0.9622641509433962
engraved,5,71.18035815801537,1.0
isn't,27,71.1689882206108,0.8148148148148148
refuse,5,71.11782779484729,0.8
ears,12,71.11582078341634,0.9166666666666666
kissed,10,71.09726356221665,1.0
because,171,71.07109067160316,0.9064327485380117
looked,25,71.06908089176756,0.84
captains,13,71.05946356652841,0.5384615384615384
until,135,71.05236741372453,0.9259259259259259
thumb,7,71.05024645956858,0.5714285714285714
relatives,22,71.02835884258351,0.8636363636363636
lord's,6,71.01361177316232,1.0
fruit,27,71.00959024636697,0.8888888888888888
written,7,70.99862020605315,1.0
furnace,6,70.95482054539559,0.8333333333333334
Elim,6,70.93266422670146,1.0
cut,50,70.92771866352395,0.9
fathers,120,70.90715956493312,0.8416666666666667
relative,6,70.86338758078503,1.0
everyone,39,70.85531251596181,0.8205128205128205
edge,26,70.75146176377085,0.8846153846153846
was,644,70.68534192114495,0.9549689440993789
concerning,27,70.67227119293007,0.7777777777777778
sow,10,70.66042842700038,1.0
assembly,25,70.65872516571218,0.76
becomes,7,70.64714747545862,0.8571428571428571
Cain,17,70.63014597632566,0.9411764705882353
swore,38,70.63006001019338,0.9210526315789473
forty,55,70.61486474114571,0.9454545454545454
aroma,38,70.56625266818136,1.0
deep,5,70.54117333537887,1.0
wild,5,70.52480186479329,1.0
womb,15,70.48804038009601,1.0
watered,8,70.47777868673977,1.0
why,8,70.45220957077206,0.75
fat,69,70.39973200542907,0.8985507246376812
seen,37,70.38693817387906,0.9459459459459459
hard,8,70.38597578118322,1.0
offspring,66,70.35789176695917,0.9393939393939394
wives,29,70.33233250893055,0.896551724137931
Didn't,6,70.29497763072536,1.0
hundred,183,70.2907425440237,0.907103825136612
rulers,11,70.28990804103125,1.0
seven,160,70.26907453288479,0.89375
teach,15,70.20712081198991,0.8666666666666667
bear,50,70.18656618993074,1.0
inquire,5,70.17876818915975,1.0
abomination,19,70.16830269273859,0.631578947368421
streaked,7,70.15096739557828,1.0
vine,7,70.13629454613599,0.8571428571428571
here,38,70.12003438610778,0.8947368421052632
memorial,22,70.1187947347623,0.8181818181818182
ten,47,70.11593231183184,0.9574468085106383
tablets,31,70.11309633904276,0.967741935483871
appointed,15,70.02048776131734,0.8
blue,40,70.0141182992425,0.925
appears,5,69.99525589654347,0.8
speaking,10,69.9719168401079,0.6
Everything,9,69.96317604833989,0.8888888888888888
requirements,8,69.9301224874043,0.75
According,17,69.92730041233857,0.7058823529411765
examine,26,69.89495657655678,0.7692307692307693
eaten,42,69.89381269162924,0.9523809523809523
cakes,10,69.87572478996162,0.9
barren,5,69.86928656876144,0.8
made,296,69.85749259891429,0.9256756756756757
army,27,69.8505502075452,0.9629629629629629
cleansing,9,69.84847868470938,0.6666666666666666
skins,10,69.836115716584,0.9
ship,26,69.82601465075294,0.9615384615384616
branches,22,69.82128079199423,0.7272727272727273
southward,8,69.80409572013991,1.0
carry,29,69.7873941576029,0.896551724137931
tents,12,69.75061077945477,1.0
chosen,5,69.71199704507886,0.8
piece,23,69.69810173142596,1.0
cities,71,69.69418813621621,0.9154929577464789
child,27,69.69280240880998,0.8888888888888888
thought,6,69.6505662609091,0.6666666666666666
cave,11,69.64838745801903,0.9090909090909091
laws,5,69.62557640893306,1.0
Egypt,268,69.62263038896754,0.9514925373134329
Midian,18,69.52230177599526,0.9444444444444444
loves,5,69.521704220111,0.8
armed,9,69.51979110442898,1.0
Seth,7,69.51960980693845,1.0
lamps,15,69.49948167923642,0.8
Benjamin,26,69.4950161284365,0.7692307692307693
workmanship,7,69.45166985885658,0.8571428571428571
lies,22,69.39820518346481,0.9090909090909091
kind,44,69.38549181484498,0.9318181818181818
lice,5,69.37261197519653,0.8
savory,6,69.37100200468598,0.8333333333333334
goods,10,69.3418151736063,0.9
itself,7,69.33397572032214,0.7142857142857143
wept,21,69.30573931483023,0.9523809523809523
Sabbath,33,69.29274483307614,0.7878787878787878
between,81,69.29063950325778,0.9382716049382716
travel,6,69.28284898471752,1.0
furniture,6,69.27017670060422,1.0
reddish,6,69.22963260180867,0.8333333333333334
native,10,69.22387079244001,1.0
sixteen,6,69.21698195749548,1.0
nine,18,69.19561206043093,0.9444444444444444
require,8,69.18171975387344,0.875
among,192,69.15749016585792,0.8958333333333334
parts,8,69.07651208201166,0.75
winged,5,69.07472292272253,0.8
jealous,11,69.06283414592939,0.9090909090909091
Eden,6,69.0493724260829,1.0
who,659,69.0444378114476,0.9423368740515933
hired,9,69.03136808836601,1.0
hundreds,7,69.01188663539017,0.5714285714285714
heads,31,68.98872830077262,0.9354838709677419
stretched,12,68.93409210418932,0.8333333333333334
serve,56,68.88431777678112,0.9107142857142857
birthright,6,68.86718407806597,0.8333333333333334
belong,5,68.81813338698599,1.0
makes,10,68.81047417673096,0.9
rod,32,68.80594071413441,1.0
master's,11,68.78981988742112,0.8181818181818182
Amorites,26,68.77894619922995,0.9615384615384616
he,1129,68.71666615367766,0.9574844995571302
Because,26,68.71639559254618,1.0
spices,11,68.71400738819878,0.9090909090909091
blessed,56,68.68948572757324,0.9821428571428571
clear,7,68.68014924768767,0.7142857142857143
Tell,15,68.64451458223147,0.9333333333333333
wave,54,68.63055174824518,0.9444444444444444
Dan,23,68.6242147095215,1.0
after,183,68.62305601004225,0.8961748633879781
wages,8,68.59067032998755,1.0
waters,60,68.58137441730713,0.8
early,14,68.56691507490044,0.8571428571428571
dies,16,68.56399735223843,1.0
villages,8,68.56272803074255,1.0
rejoice,5,68.55959384232301,0.8
trumpet,6,68.55768302687996,1.0
fillets,9,68.53381190059048,0.8888888888888888
alarm,6,68.48574959124696,0.8333333333333334
donkey,34,68.45056167422345,0.8529411764705882
we,171,68.4496289106043,0.9415204678362573
bow,13,68.42423500873716,1.0
purple,27,68.40451075076928,0.8518518518518519
wise,16,68.36567009148055,0.8125
became,91,68.36246457022699,0.8791208791208791
sack,10,68.3316642966177,0.8
deeper,11,68.29740695111715,0.8181818181818182
priesthood,8,68.29202478635878,1.0
wish,5,68.284965046413,0.8
beat,6,68.26480084929221,0.8333333333333334
kill,64,68.23223551076019,0.953125
wife,140,68.15890260741212,0.9214285714285714
tied,5,68.15198145731111,0.8
back,37,68.11900085183944,0.8648648648648649
likeness,9,68.07513448622196,0.8888888888888888
owl,10,68.05743930400945,1.0
appear,9,68.01527948516991,0.8888888888888888
neither,37,68.01194014382502,0.8378378378378378
ashes,11,68.0080242169048,0.7272727272727273
curse,28,67.97681595054877,0.9285714285714286
Mount,39,67.90381763750736,0.9487179487179487
lay,50,67.90308565971353,0.98
bears,6,67.89441662399398,1.0
enemies,28,67.87603924602811,0.75
spot,11,67.83425195160379,1.0
large,6,67.8191243533399,1.0
wheat,5,67.8136785275616,1.0
hearted,8,67.65841653089475,1.0
crown,6,67.64257776845551,0.8333333333333334
clasps,10,67.59153851816615,0.9
omer,5,67.5692518529164,1.0
goes,15,67.5356686573804,1.0
kept,23,67.53457582451676,1.0
five,122,67.47178787391468,0.9344262295081968
free,24,67.47034109225817,0.9583333333333334
opposite,14,67.4673065746903,0.8571428571428571
whom,101,67.45637071610903,0.9801980198019802
vessels,30,67.43948838815207,0.9333333333333333
where,66,67.35393616427915,0.8787878787878788
isolate,9,67.33964448337723,0.6666666666666666
eighty,9,67.30665901384967,0.8888888888888888
Shem,14,67.29802275613497,1.0
opens,7,67.29747143950833,1.0
city,70,67.28385212480359,0.9142857142857143
even,125,67.2721117481939,0.928
Send,6,67.26429048228277,0.8333333333333334
Levi,30,67.2575570107374,0.7666666666666667
Bring,17,67.22161538469115,0.8235294117647058
greatness,7,67.18146713535378,0.8571428571428571
careful,14,67.15399434040121,0.8571428571428571
lived,108,67.14624315942797,0.9166666666666666
sea,50,67.10683563987712,0.92
heap,9,67.10272956079692,0.8888888888888888
Gershon,13,67.09859609255926,0.9230769230769231
pure,34,67.0907792812387,1.0
consecrate,5,67.08792291597656,1.0
bull,89,67.08314510571478,0.9887640449438202
bless,40,67.03426569898808,0.975
ugly,6,67.00972103456684,1.0
established,6,66.96662952642191,0.8333333333333334
glory,22,66.95041732269584,0.9545454545454546
believe,11,66.94202327565064,0.9090909090909091
flows,5,66.94053094047236,1.0
census,7,66.93757014063746,1.0
cubit,20,66.90198043031978,0.8
drive,16,66.8936362786073,0.875
gates,16,66.87042427510215,1.0
add,12,66.86126097455693,0.8333333333333334
split,7,66.85736183983562,0.7142857142857143
hold,12,66.83740632073449,1.0
threw,7,66.82183558147901,0.8571428571428571
abundantly,5,66.81896285972354,1.0
followed,9,66.80690126508061,0.7777777777777778
cast,23,66.79647141461078,0.8260869565217391
redeemed,18,66.78969780210281,0.8888888888888888
scattered,6,66.7837393631084,1.0
Come,24,66.77957775067433,0.9583333333333334
own,44,66.72296330725078,1.0
used,10,66.68784073427486,0.9
skillful,15,66.6822895398844,1.0
covenant,90,66.66722884132432,0.7
face,69,66.66666666666666,0.9710144927536232
behold,95,66.65844237273502,0.8631578947368421
rams,42,66.63153387456396,0.9285714285714286
way,101,66.58366827461602,0.9405940594059405
let,139,66.56981178195652,0.9856115107913669
forever,45,66.56952445411153,0.8666666666666667
Sinai,30,66.56443788238087,0.8333333333333334
buds,6,66.56430160177564,1.0
find,22,66.54655429116752,0.9090909090909091
mountains,11,66.50076879968651,0.8181818181818182
greater,13,66.49957108330813,0.9230769230769231
beginning,8,66.46883113524657,0.625
household,14,66.45574564504616,0.8571428571428571
chariots,12,66.44529788227902,1.0
such,22,66.44378345151273,0.9090909090909091
killed,34,66.43945497220245,0.9411764705882353
ear,12,66.42982614137205,1.0
shut,10,66.42601652573995,0.9
belongs,9,66.42373897447479,1.0
hated,8,66.42075630993966,0.875
buried,16,66.41625194263142,0.9375
respect,7,66.4014538844962,0.7142857142857143
rest,40,66.38124340832496,0.925
devoted,9,66.37021525088655,1.0
afford,9,66.34412976543203,0.7777777777777778
flour,42,66.2479973401837,0.9047619047619048
guilty,20,66.21916802312919,0.85
now,70,66.19366796870781,0.9285714285714286
Take,38,66.16539553000953,0.9473684210526315
destroy,41,66.15429248328743,0.9024390243902439
family,86,66.12521523657003,0.6046511627906976
red,12,66.1155857720363,0.9166666666666666
Jericho,9,66.08590400452059,0.7777777777777778
multiplied,9,66.07616752466515,0.7777777777777778
oil,105,66.05131415410253,0.9142857142857143
feet,22,66.04181871383366,1.0
bars,17,66.03819928458013,0.8823529411764706
hide,5,66.02679512605164,1.0
youngest,13,66.02143323935022,0.8461538461538461
eastward,13,65.92214131595529,1.0
scab,5,65.91453902350607,1.0
preserve,5,65.91185201024983,1.0
drew,7,65.90682360201782,1.0
dust,17,65.90162052043671,1.0
brook,6,65.86886354391194,0.8333333333333334
seed,20,65.85693660071777,0.95
bud,11,65.85671047308088,0.9090909090909091
captive,6,65.85414169940324,0.8333333333333334
only,23,65.83384195805284,1.0
healed,6,65.80870057939774,0.8333333333333334
deceived,7,65.78932151935298,1.0
dream,29,65.75316647277208,0.9655172413793104
see,81,65.73115914280856,0.9753086419753086
blossoms,7,65.72224224453375,0.7142857142857143
built,24,65.7172792498022,0.9166666666666666
Return,7,65.70380178623085,0.7142857142857143
veil,30,65.69213022975575,0.8666666666666667
Therefore,61,65.67931967083801,0.8360655737704918
presence,17,65.63336657494709,0.7647058823529411
get,21,65.59319061637372,1.0
age,11,65.55600326259116,1.0
tested,5,65.53559111569928,1.0
fulfilled,8,65.53527796857506,1.0
tithe,12,65.50267204206538,0.75
returned,32,65.49689443165607,0.875
taskmasters,6,65.43296275650457,1.0
hangings,15,65.38411079269466,0.6666666666666666
profane,15,65.34039281827408,0.7333333333333333
robe,10,65.33619316605716,0.8
toward,48,65.33615159928067,0.9166666666666666
possession,46,65.32912115373131,0.5652173913043478
fled,14,65.32875818878998,1.0
square,7,65.29719405713914,0.8571428571428571
This,142,65.2950325770929,0.8873239436619719
Simeon,23,65.29060176255625,0.9130434782608695
smell,5,65.28328065511171,1.0
a,1728,65.19839757330662,0.9924768518518519
younger,12,65.19664679661352,0.8333333333333334
Perez,7,65.1829016140842,1.0
Enan,7,65.16311087567257,1.0
speckled,9,65.1469555843665,0.6666666666666666
rested,10,65.11068867135467,1.0
serpent,12,65.1049848633654,0.75
armies,15,65.1023663324024,0.8666666666666667
asked,17,65.0886907992932,1.0
Remember,5,65.04681835206621,1.0
deal,11,65.04622516767189,1.0
thirty,67,65.00546360087321,0.8805970149253731
diligently,9,64.98738804653124,0.7777777777777778
bronze,46,64.98596944951203,0.9347826086956522
dwelling,7,64.97905387337954,0.7142857142857143
temporary,6,64.93690074631363,1.0
Abib,6,64.92333874132062,1.0
flowers,5,64.90927177877671,1.0
days,198,64.8839902824938,0.9444444444444444
as,475,64.87230904999363,0.9536842105263158
caused,7,64.85579627168673,0.8571428571428571
lest,49,64.8327551287099,0.9183673469387755
purify,8,64.81851145366721,1.0
defect,50,64.78114208984658,0.8
Laban's,6,64.75530022827559,0.8333333333333334
our,138,64.71586098786199,0.9202898550724637
bitter,7,64.71152234276936,0.8571428571428571
Edom,21,64.70450262457638,1.0
yours,19,64.67858473722971,0.9473684210526315
redemption,8,64.63391938671562,0.75
restore,10,64.62821727058784,0.7
impurity,9,64.60655685000265,0.7777777777777778
ate,29,64.59148089824832,0.9655172413793104
vineyard,10,64.55412819039853,1.0
Miriam,11,64.54594393736534,1.0
breath,5,64.52697748579818,0.8
has,433,64.51971346078366,0.9468822170900693
sake,17,64.47912286899856,1.0
pieces,23,64.46571222410081,0.8695652173913043
sanctifies,6,64.45918626367954,0.8333333333333334
Jubilee,16,64.42853011659437,0.875
seventy,42,64.42178630679993,0.7857142857142857
new,12,64.33930027340725,1.0
saved,7,64.3285271950355,1.0
cried,17,64.30141361363681,1.0
unless,6,64.27264322886198,0.8333333333333334
kings,12,64.26967905250561,0.9166666666666666
stood,37,64.21596256316408,0.8378378378378378
trees,19,64.21230011073507,0.9473684210526315
committed,7,64.2102306495814,0.8571428571428571
Don't,52,64.20749969173016,0.8846153846153846
tree,25,64.18354714459647,0.96
rose,43,64.1522439669743,0.9302325581395349
afterward,7,64.1509320700678,0.8571428571428571
say,42,64.12768325458151,0.8571428571428571
old,158,64.12631211356864,0.9683544303797469
lifted,29,64.10464727530763,0.8275862068965517
establish,11,64.08910919359292,1.0
fed,9,64.07663565624487,1.0
children's,6,64.06514756819362,0.6666666666666666
dreams,8,64.05351773409637,0.875
Enosh,6,64.04307351055158,1.0
except,10,64.03716302820828,0.9
nor,104,64.0181323263702,0.9711538461538461
bondage,14,64.01601373641668,0.7142857142857143
must,28,64.00764108811427,0.8571428571428571
lamb,56,63.99950705855487,0.9285714285714286
forehead,6,63.9537373799765,0.8333333333333334
foreskin,8,63.926645399470544,0.875
devoured,6,63.88826357884996,0.8333333333333334
angry,23,63.88438350780943,0.9130434782608695
pray,5,63.874348510754594,1.0
next,22,63.859519880119194,0.9545454545454546
log,5,63.820442404973164,0.8
knows,5,63.806168226932016,1.0
households,10,63.794888703396815,1.0
uncovered,6,63.7805556842269,0.6666666666666666
carcass,14,63.76462150351098,1.0
tunics,6,63.760231503844224,1.0
wrath,15,63.758553464981546,1.0
Egyptian,14,63.73402490654584,1.0
shekel,33,63.732425332276605,0.8484848484848485
fruitful,17,63.70722110620554,1.0
slayer,8,63.704537386287505,0.875
Anyone,5,63.6912554784719,1.0
sees,10,63.68496735319674,1.0
neck,12,63.67231891581921,0.8333333333333334
fortified,7,63.66016472513243,1.0
east,25,63.65101210910778,0.96
censers,5,63.64627022654126,1.0
virgin,5,63.643708377456704,0.8
sixth,9,63.63565617177703,1.0
fruits,18,63.61958784961202,0.8888888888888888
bread,99,63.60736169596122,0.9292929292929293
best,11,63.59762486561242,0.9090909090909091
perpetual,8,63.592729968982944,0.75
two,291,63.566616931674716,0.9243986254295533
evil,42,63.5363378962137,0.9047619047619048
wicked,11,63.50845399356696,1.0
idols,6,63.492085828266625,1.0
arose,6,63.48655658905379,1.0
above,33,63.460699736861585,0.8787878787878788
eat,186,63.437287596431645,0.946236559139785
full,51,63.43278404506899,0.9411764705882353
says,32,63.42124315187931,0.96875
favor,27,63.402832693583605,0.8888888888888888
whether,47,63.38867957418654,0.723404255319149
avenger,7,63.37518900914517,0.8571428571428571
contrary,7,63.374369993902555,0.8571428571428571
moreover,5,63.35691673564706,0.8
truth,5,63.332606665559894,1.0
king,74,63.32027591003131,0.9594594594594594
Jordan,45,63.31510174685408,0.8222222222222222
High,5,63.305757411348445,1.0
Their,26,63.24496511257823,1.0
exchange,5,63.14095501557388,0.8
heave,6,63.131154000537606,1.0
dread,5,63.105669282068504,1.0
altars,9,63.096279006487734,1.0
Balak,39,63.09101275116372,0.8717948717948718
spirit,14,63.0698193225765,0.5714285714285714
donkeys,21,63.06900935320617,0.9047619047619048
Gilead,21,63.02216445408335,0.8571428571428571
sprinkle,27,62.97785026102659,0.7037037037037037
stranger,29,62.97781237548454,0.6896551724137931
goats,39,62.97317063015412,0.9743589743589743
bore,60,62.920232611335095,0.9833333333333333
garden,15,62.91774031603281,0.9333333333333333
descended,5,62.913581872483164,0.8
declared,7,62.90546244124097,0.8571428571428571
depart,9,62.877915649494476,0.7777777777777778
unleavened,32,62.87468334745991,0.84375
created,11,62.87421427132972,1.0
fourth,21,62.87015348612818,0.8571428571428571
do,247,62.8644995003582,0.8906882591093117
harvest,15,62.82268296163511,0.8
elders,25,62.796062283604556,0.84
staff,10,62.775601366213685,1.0
affliction,7,62.7676013976196,0.8571428571428571
sanctuary,64,62.71387013764033,0.78125
press,5,62.70730427315696,0.8
raw,7,62.68589916951527,1.0
necked,7,62.68168122068269,1.0
prey,5,62.67360711580467,1.0
row,12,62.644232034134475,0.9166666666666666
Aram,14,62.586980197513974,0.9285714285714286
hooks,15,62.559678805596604,0.9333333333333333
died,68,62.54514337628985,0.8823529411764706
refused,6,62.530989785574135,0.6666666666666666
gives,26,62.506809679436515,0.8846153846153846
stiff,7,62.46693917723127,1.0
lips,6,62.44113643823525,1.0
breast,11,62.44013893149453,1.0
birth,16,62.42454737913219,0.8125
Dathan,9,62.412237342129934,0.7777777777777778
myself,19,62.40146851455904,0.8947368421052632
souls,19,62.35868074403214,0.8947368421052632
Get,10,62.349039673250516,0.9
very,39,62.34093458903024,0.9230769230769231
Passover,20,62.288159986985065,0.8
brother's,16,62.28021192586449,0.8125
body,35,62.23779557088929,0.9142857142857143
boiled,6,62.13979644603509,1.0
prepared,9,62.062404852272586,0.6666666666666666
Holy,8,62.047117096159084,0.875
Everyone,15,62.04573513935973,0.9333333333333333
sufficient,5,61.994401238095136,0.6
grow,6,61.86083174833153,1.0
Syrian,5,61.856037625735595,0.6
covered,19,61.82605269221612,0.6842105263157895
darkness,13,61.74931466703008,0.8461538461538461
Here,10,61.66694578695146,0.9
bald,8,61.625075163491815,1.0
blind,5,61.571020546725705,0.8
half,42,61.527550921409144,0.8809523809523809
uncover,18,61.514289049998965,0.6666666666666666
curses,6,61.48079478149411,0.6666666666666666
hot,9,61.44763814788584,0.8888888888888888
breaking,5,61.437508094671685,0.6
journeys,8,61.393173073979796,0.75
Onan,7,61.297665212924855,1.0
certainly,7,61.295939456393285,0.8571428571428571
journey,24,61.29138219704113,0.9166666666666666
beneath,8,61.290326498716595,0.75
great,90,61.25779352952936,0.8111111111111111
dead,45,61.25099413234618,0.9555555555555556
dealt,5,61.248632444362826,1.0
bed,12,61.244128464593096,1.0
Please,39,61.21836233759011,0.9230769230769231
none,11,61.151531105347374,0.7272727272727273
twenty,68,61.14668991022186,0.8676470588235294
Nun,13,61.13573640647962,0.8461538461538461
Sea,16,61.13183630806631,0.9375
choose,13,61.09313436204556,0.6923076923076923
separate,8,61.026055294284916,0.875
legs,8,60.97820637181395,1.0
What,64,60.965967660785864,0.9375
gate,23,60.941295440543676,0.9565217391304348
herds,22,60.917240660405184,0.9545454545454546
Gershonites,7,60.876904132711644,1.0
arm,8,60.84571873340664,1.0
Testimony,12,60.83329345385913,0.8333333333333334
Helon,5,60.7992492378999,1.0
Succoth,6,60.79914310314304,0.6666666666666666
Terah,11,60.79314795728037,1.0
how,25,60.750983406543895,0.88
obey,6,60.66645996730868,1.0
Stretch,7,60.66213443346733,0.8571428571428571
Surely,11,60.65222409616628,0.8181818181818182
sacrifice,78,60.650388002431455,0.7564102564102564
us,195,60.64790919491797,0.9794871794871794
borders,11,60.586076511659,0.6363636363636364
birds,25,60.568623262382985,1.0
sanctify,21,60.551139919392384,0.6666666666666666
Blessed,6,60.54023643085957,1.0
wafers,5,60.50430550402676,1.0
reigned,10,60.49306806379286,1.0
band,8,60.47559058519706,0.875
away,112,60.46339942742091,0.9017857142857143
whoever,14,60.42050358688543,0.9285714285714286
breastplate,25,60.40667649972343,0.88
Machir,8,60.40226450449531,1.0
set,125,60.38785357035845,0.928
chews,5,60.32261542114908,1.0
awesome,6,60.31413270949708,1.0
There,62,60.284284918572126,0.9354838709677419
years,199,60.27063528281201,0.9447236180904522
murmurings,6,60.24920976856261,0.8333333333333334
poured,12,60.238883331480054,0.75
uncleanness,20,60.23329175617803,0.9
bearing,9,60.21351782235256,0.7777777777777778
female,51,60.18424111456039,0.8431372549019608
upon,22,60.04817701150948,0.9545454545454546
iniquity,37,60.03754534201936,0.8918918918918919
day,301,60.02870953071586,0.9501661129568106
Where,11,60.00319769041132,0.9090909090909091
braided,8,59.98032993649613,0.75
war,42,59.940683910509165,0.9523809523809523
or,370,59.93458819163148,0.9486486486486486
Red,12,59.93395745972886,0.9166666666666666
Israel,529,59.9282961931269,0.8449905482041588
Behold,132,59.91722540746014,0.9090909090909091
herb,10,59.73008310865692,1.0
stayed,24,59.717491553820885,0.9166666666666666
twelve,32,59.71598910997507,0.96875
bulls,24,59.6902600435882,0.9166666666666666
camels,23,59.68631528726047,0.8260869565217391
herbs,5,59.68197469065306,1.0
dreamed,14,59.65978708311965,0.7857142857142857
bury,10,59.61322470678146,1.0
Tamar,6,59.58556289287006,0.8333333333333334
loins,5,59.58352853393811,1.0
desolate,6,59.51817528051819,0.5
separated,9,59.5009932671596,0.8888888888888888
Bethel,12,59.48187057119838,1.0
reckon,5,59.4789909043554,0.8
Joseph,153,59.45658745185419,0.9084967320261438
served,13,59.450970289377594,0.9230769230769231
forgive,7,59.35937106846852,0.7142857142857143
herself,10,59.35646885741987,0.6
exceedingly,13,59.31343685812231,0.9230769230769231
Jacob's,17,59.31333519557435,0.8823529411764706
kills,10,59.311898384243435,0.9
strength,12,59.27218639293967,0.6666666666666666
labor,8,59.24578424570077,0.875
its,450,59.232300061660055,0.9466666666666667
hurried,9,59.22066835617217,0.6666666666666666
wife's,5,59.154582426159465,0.8
skillfully,8,59.12777744659964,0.75
observe,18,59.12723920920821,0.8888888888888888
heifer,6,59.124883891077914,1.0
neighbor's,12,59.10911404228703,0.9166666666666666
seat,26,59.09811903014308,0.9615384615384616
dispossess,6,59.098103453591385,0.8333333333333334
draw,11,59.089789451311475,0.8181818181818182
possess,39,59.037450621866974,0.6666666666666666
grown,11,59.03394148496096,1.0
milk,17,59.01015988987229,0.9411764705882353
began,7,58.99663200813814,1.0
gave,105,58.99395644524866,0.9047619047619048
mandrakes,5,58.98275499728976,0.8
peoples,23,58.97170548522707,0.6521739130434783
Noah,42,58.87674917629068,0.9761904761904762
swallowed,7,58.87358748117617,0.7142857142857143
any,174,58.87337041517962,0.9137931034482759
eats,18,58.86419296481026,0.8333333333333334
Heth,13,58.861330576638125,1.0
pitcher,9,58.83013820327743,0.6666666666666666
Dibon,5,58.824399263151065,1.0
straw,10,58.715484869723355,1.0
chief,44,58.708366898128176,0.8636363636363636
bowed,24,58.6814771998556,0.9583333333333334
beyond,21,58.67587497597194,0.8571428571428571
rise,10,58.66195282697763,1.0
Korah,20,58.647069881193815,0.9
dishes,6,58.62980366782916,0.6666666666666666
cubits,56,58.60184315329937,0.8392857142857143
falls,8,58.59989191376967,1.0
sacks,8,58.5803680130158,0.75
vessel,13,58.51455320938611,0.8461538461538461
Amorite,12,58.51141596855146,0.9166666666666666
shekels,63,58.50937614110914,0.7777777777777778
Israel's,7,58.48054000545643,0.8571428571428571
blow,8,58.46608181428042,1.0
leprosy,23,58.416470315175104,0.782608695652174
accepted,13,58.402738326271766,0.8461538461538461
God,604,58.33715438447497,0.9188741721854304
cursed,12,58.32385385860759,0.9166666666666666
lambs,53,58.31312758355523,0.7924528301886793
Bury,5,58.285799482900046,1.0
swarms,7,58.26407448407423,0.8571428571428571
conceived,26,58.22729761605399,0.7692307692307693
cleansed,15,58.21902101835529,0.6
breaks,5,58.191534404683935,0.8
judge,15,58.17910546995644,0.8
trespass,37,58.0832204717873,0.8378378378378378
feed,6,58.009690482473026,1.0
ask,10,57.976679429491405,0.8
break,21,57.89610152431867,0.7142857142857143
restitution,10,57.8759452099097,0.9
Sarah,34,57.758350791135555,0.8823529411764706
hills,7,57.74745467915513,0.8571428571428571
Joshua,21,57.733308102060164,0.9047619047619048
Balaam,50,57.72237064987077,0.92
dry,13,57.714308960326825,0.9230769230769231
cords,10,57.66253473921181,1.0
bearer,8,57.66209202664693,0.875
eye,10,57.598065568143795,0.9
enchantments,5,57.59100621988625,1.0
From,22,57.518932288925605,0.9545454545454546
husband,24,57.510326928210674,0.875
posts,5,57.499396718725436,0.8
Canaan,64,57.4977118088108,0.828125
up,369,57.49448038015829,0.983739837398374
grass,6,57.46746539101854,0.8333333333333334
bird,22,57.464138874366185,0.9090909090909091
raised,6,57.45980214162015,0.6666666666666666
salt,6,57.44390212313737,0.6666666666666666
grapes,9,57.33653102564584,1.0
pigeons,9,57.33435681985776,1.0
upward,40,57.31512087838139,0.7
kidneys,16,57.305048407281134,0.8125
destroyed,21,57.277864220622966,0.9047619047619048
Almighty,9,57.273253238068804,0.6666666666666666
commands,5,57.1928682890578,0.4
Rise,6,57.18517391222793,0.8333333333333334
Nevertheless,8,57.16064301548004,0.75
Sabbaths,12,57.090326973433015,0.75
pledge,7,57.06995516684195,0.8571428571428571
Arise,6,57.019625731889214,1.0
bodies,7,57.0114800240314,1.0
righteous,15,56.91222837733944,1.0
ready,6,56.845603300835066,0.8333333333333334
signs,14,56.74652992291041,0.6428571428571429
honor,10,56.71994428469925,0.9
strangers,5,56.70022786404073,0.8
Not,5,56.68066973633744,1.0
Will,15,56.55656532629173,0.9333333333333333
law,60,56.53087134151445,0.8666666666666667
Nahor,14,56.529648654014494,0.9285714285714286
Anah,9,56.52700717613301,0.5555555555555556
held,7,56.503318613532166,1.0
mightier,8,56.428116459017886,0.75
just,18,56.41033100391866,0.9444444444444444
prayed,7,56.40030531553278,0.8571428571428571
pay,12,56.39360413899966,1.0
swear,11,56.372202162461164,0.8181818181818182
kindness,17,56.36285094410603,0.7647058823529411
Moab,40,56.266669086113765,0.95
feast,28,56.228891592804466,0.7857142857142857
appeared,21,56.221690116981534,0.5238095238095238
reap,7,56.09359525818495,0.5714285714285714
gods,48,56.08749334794477,0.9375
Amalek,12,56.06979372718345,0.8333333333333334
Peor,10,55.904818115739644,0.9
chew,6,55.82571902886662,0.8333333333333334
Command,7,55.80055794340166,0.7142857142857143
multitude,13,55.77548592840214,0.9230769230769231
Let's,17,55.773275729628274,0.8235294117647058
had,258,55.7566433521016,0.9147286821705426
wealth,5,55.71230729066481,0.6
west,8,55.65815409181187,0.875
consumed,16,55.649402460434075,0.8125
far,24,55.60319660361639,0.9166666666666666
Whatever,15,55.56733441554267,0.8666666666666667
may,290,55.56510472201285,0.9655172413793104
guilt,7,55.544161750797755,1.0
See,18,55.51488295998175,1.0
stay,13,55.47313506103826,0.9230769230769231
Isn't,7,55.41658650926814,1.0
grave,5,55.38671581929992,1.0
herd,17,55.337995762382306,0.8823529411764706
censer,7,55.3150673249672,0.7142857142857143
neighbor,26,55.25767462895659,0.8076923076923077
sweet,17,55.24725372968756,0.8235294117647058
bringing,7,55.23511015081752,0.5714285714285714
six,59,55.226638904317106,0.9152542372881356
Dinah,7,55.17464188466484,1.0
quickly,9,55.08748650966477,0.7777777777777778
prostitute,19,55.07497539984432,0.6842105263157895
horsemen,8,55.068189758441164,0.75
instruments,6,55.05106104756346,0.5
fifteenth,7,54.982969501206966,0.8571428571428571
Joseph's,21,54.88469236960984,0.8095238095238095
oath,17,54.86806686978436,0.9411764705882353
my,538,54.791499447036784,0.9628252788104089
God's,32,54.789480290730744,0.8125
Esau,72,54.7311781739004,0.9583333333333334
enemy,6,54.683899079391935,0.6666666666666666
Afterward,10,54.58703773375097,0.9
chiefs,13,54.547184972250534,0.9230769230769231
Caleb,10,54.509739238628896,0.8
Abel,10,54.49704482159676,1.0
grew,13,54.3389613671075,1.0
Hur,7,54.247970838075034,1.0
fear,33,54.16519792936604,0.8787878787878788
consecration,11,54.1548668555194,0.36363636363636365
grating,6,54.149883585003984,0.5
Elishama,5,54.13407912816578,1.0
Jacob,198,54.1119030070906,0.9141414141414141
barley,5,54.1109290685015,0.8
greatly,12,54.09832958523067,0.8333333333333334
Adam,8,54.0122662003411,1.0
Hamor,10,54.00893779614127,0.9
sat,16,54.0026896673658,0.9375
Levites,66,53.961566687181076,0.6666666666666666
vow,21,53.886387288201234,0.9523809523809523
borne,7,53.85695661260597,0.8571428571428571
habitations,5,53.816810336947675,0.4
horses,6,53.807972081382836,0.6666666666666666
Most,7,53.69595254172728,1.0
escape,5,53.6662362468055,0.8
saw,123,53.651316739303965,0.9186991869918699
Seven,10,53.57092811997133,1.0
afraid,34,53.55336205112536,0.8823529411764706
olive,7,53.528979803681864,0.7142857142857143
foreign,5,53.43598413026846,0.8
sky,51,53.433716128962914,0.9411764705882353
bones,6,53.42306446551507,0.6666666666666666
vows,18,53.40715325350318,0.9444444444444444
ninety,6,53.401312592336225,1.0
lift,11,53.39159441913547,0.8181818181818182
foreigner,48,53.33067786581607,0.7708333333333334
officers,11,53.307328715317965,0.45454545454545453
Leah's,6,53.302218810427334,1.0
Give,12,53.2770287600812,0.8333333333333334
inhabitants,18,53.253291427757674,0.7777777777777778
Abraham's,14,53.16788135143653,0.7142857142857143
Gad,26,53.16212763994142,0.8846153846153846
therein,15,53.05354044752565,0.6666666666666666
if,163,53.032301367100914,0.8834355828220859
sacrifices,16,52.98256208442792,0.6875
Those,22,52.97520024898854,0.9090909090909091
dew,5,52.91166981105043,1.0
cow,9,52.85496970408928,1.0
boil,10,52.81511324055088,0.8
Haran,14,52.80056198244898,0.7857142857142857
drawn,6,52.79839598367093,0.6666666666666666
refuge,11,52.79205026335799,0.7272727272727273
sixty,23,52.74157868071117,0.9130434782608695
venison,8,52.721557852066226,0.875
cry,15,52.62739853151402,0.9333333333333333
Who,21,52.577908893840714,0.9047619047619048
kindled,6,52.55059740724232,1.0
Abram's,7,52.49372811498198,0.7142857142857143
rule,11,52.44201572359124,0.8181818181818182
custody,7,52.39313300620168,0.5714285714285714
Eliphaz,7,52.3175208362172,1.0
dwell,60,52.31507861844055,0.5833333333333334
pour,24,52.31108115034981,0.8333333333333334
injured,6,52.28725363854547,0.3333333333333333
Bela,7,52.246336233290904,1.0
yeast,9,52.233180670980914,0.7777777777777778
righteousness,9,52.19560302232617,0.7777777777777778
forget,9,52.19168692245971,0.5555555555555556
yield,10,52.14726178585049,0.8
troughs,5,52.10747332869828,0.6
pins,10,52.01471355142377,0.7
outstretched,6,51.92910226016754,0.6666666666666666
turtledoves,9,51.91687321978222,0.8888888888888888
Sihon,18,51.68761331466979,0.8333333333333334
commits,5,51.67612511497361,0.4
Year,9,51.66962869989527,0.8888888888888888
Levite,6,51.66852123113698,0.6666666666666666
disobedience,5,51.66472842969729,0.6
Anakim,5,51.66034030551762,0.8
statute,32,51.64110355904738,0.625
Baal,11,51.60735637835606,0.9090909090909091
Have,9,51.59837157087273,0.7777777777777778
Merari,16,51.52517409635678,0.8125
carved,5,51.513234054257445,1.0
buy,19,51.46822953758118,0.8947368421052632
westward,7,51.42246386316482,0.8571428571428571
Paddan,11,51.3703898753956,0.6363636363636364
Seir,19,51.31396714422702,0.7368421052631579
They,370,51.306655323659214,0.9243243243243243
ephod,31,51.040291525131764,0.7741935483870968
Hebron,9,50.9562254176022,0.8888888888888888
straps,8,50.93030842699167,0.625
palm,5,50.90278652956633,0.6
consecrated,6,50.75367207611957,0.6666666666666666
jubilee,5,50.675368676368095,0.8
Hebrew,12,50.62957800193168,1.0
trumpets,7,50.61546894408157,0.5714285714285714
Notwithstanding,5,50.59352114119088,0.8
gracious,6,50.45668094214431,0.3333333333333333
She,83,50.45610213996944,0.9759036144578314
but,232,50.43282027614228,0.9439655172413793
Also,12,50.425400818316746,0.9166666666666666
lady,9,50.36778102493032,0.8888888888888888
Manasseh,32,50.31788853324965,0.84375
yet,28,50.18175202043463,0.8928571428571429
leper,5,49.96674088809636,0.6
Its,24,49.939380931439594,1.0
These,129,49.89852237302044,0.8992248062015504
Horeb,10,49.89409992855244,1.0
Pagiel,5,49.88272650672069,1.0
Hor,13,49.84574355433578,0.9230769230769231
Reuben,38,49.793537932284266,0.9736842105263158
burdens,9,49.75872450608641,0.6666666666666666
mixed,41,49.749143385461224,0.8048780487804879
cups,9,49.7263024428905,0.7777777777777778
Whoever,35,49.71182307680529,0.8571428571428571
eyes,87,49.697588877472526,0.9195402298850575
Abiram,9,49.52898594750404,0.8888888888888888
Lamech,10,49.29806941303326,1.0
Molech,5,49.29583552033681,0.6
Canaanite,17,49.24182503338375,0.5882352941176471
Barnea,6,49.224330881314756,1.0
Gamaliel,5,49.07214874431577,1.0
Hittite,17,49.05838919261207,0.9411764705882353
hides,6,48.9590155236792,0.8333333333333334
keeper,5,48.943200735779456,0.8
expanse,9,48.75698116386871,0.6666666666666666
Jared,5,48.74795120282637,1.0
bought,18,48.70946660655426,0.7777777777777778
Eliab,10,48.62788546995209,0.7
stars,9,48.57066973797792,0.5555555555555556
Issachar,16,48.56670553283706,0.75
Pharaoh,177,48.55792242644364,0.8192090395480226
bad,11,48.33543989697838,1.0
spy,8,48.28221910145659,1.0
Judah,44,48.16333821890553,0.8409090909090909
cedar,7,48.14534760757619,0.5714285714285714
pursued,8,48.139475732448474,1.0
token,6,47.965473555992524,0.6666666666666666
Hivite,10,47.929297459159145,0.9
Let,64,47.865623432064915,0.921875
Your,48,47.75877920403345,0.8541666666666666
at,219,47.71231857515113,0.9406392694063926
Og,10,47.70089050904046,1.0
bowl,13,47.68581210827571,0.8461538461538461
tenons,6,47.6521457222433,0.5
gift,5,47.594471307226776,0.8
grieved,6,47.53179112465415,1.0
It,202,47.466223339175116,0.9603960396039604
knew,9,47.43183773173046,1.0
Mamre,10,47.39271972339385,0.8
thrust,7,47.29433307970105,0.8571428571428571
When,181,47.22031394768075,0.9226519337016574
Sarai,16,47.21150530997991,1.0
Sheol,6,47.18175986298886,1.0
Amram,6,47.047613287608385,1.0
nurse,7,46.98417091457539,1.0
Why,50,46.983496939785454,0.9
mortar,5,46.96109534145934,0.4
statutes,40,46.94928497993156,0.6
few,12,46.881213867515825,0.8333333333333334
We,81,46.76394330685567,0.9629629629629629
dug,14,46.70664462549633,0.8571428571428571
cup,18,46.67022932307578,1.0
Abram,55,46.65051263082067,0.9272727272727272
acacia,27,46.64764082598337,0.8888888888888888
unwittingly,11,46.4944675820914,0.7272727272727273
Then,96,46.45543399965122,0.8125
Esau's,12,46.44303761948346,1.0
faces,13,46.29481386205612,0.6153846153846154
Every,32,46.260541521584884,0.90625
Bethuel,9,46.220046211792635,1.0
uncircumcised,6,46.204103277191294,0.16666666666666666
You,667,46.14924111040596,0.9430284857571214
Canaanites,13,46.11802486491742,0.9230769230769231
Leah,28,46.110379931945545,0.8928571428571429
Pisgah,5,46.09908254188566,0.8
jewels,10,46.069230681418695,1.0
Moreover,20,46.035629917302394,0.9
Ahira,5,45.99834080151534,1.0
Put,6,45.88464334009383,1.0
Basemath,6,45.873994112332255,0.8333333333333334
herdsmen,6,45.79462308574296,0.8333333333333334
Hagar,12,45.75923635547929,0.8333333333333334
murderer,11,45.74191781872964,0.6363636363636364
Make,10,45.510213572521494,1.0
toe,7,45.4778681935487,0.7142857142857143
by,452,45.39968231580706,0.9823008849557522
Arabah,8,45.39433198453244,0.625
wickedness,10,45.386264495831476,0.8
Philistines,10,45.321154099431254,0.5
After,24,45.28714852472771,0.8333333333333334
hyssop,8,45.203695581796424,0.875
twined,21,45.19154623285926,0.47619047619047616
Ar,5,45.18475268761028,1.0
I,1096,45.088844016057934,0.9753649635036497
Peleg,5,45.0721802909928,1.0
Laban,51,45.071163141178374,0.8823529411764706
Er,7,45.0675414286473,0.8571428571428571
kingdom,9,45.049596798519936,0.6666666666666666
beautiful,7,44.94949345685394,0.8571428571428571
circumcised,19,44.89939474255299,0.47368421052631576
Adah,8,44.87545432766164,1.0
fifth,18,44.80258558850582,0.5555555555555556
baker,7,44.733817002470474,0.7142857142857143
Lord,19,44.64000797940143,0.8947368421052632
Nethanel,5,44.62892616876359,1.0
mildew,6,44.55615021655493,0.6666666666666666
However,6,44.53290868800946,0.8333333333333334
Ithamar,12,44.51436926416734,0.9166666666666666
baked,8,44.506766089073494,0.625
Shechem,17,44.451047424108104,0.7058823529411765
While,7,44.43174298891921,1.0
fresh,5,44.409978715266824,0.6
Beersheba,11,44.35322828873541,0.9090909090909091
Beth,6,44.31984275385781,0.8333333333333334
pestilence,5,44.29584283444864,0.0
oxen,5,44.1226875892333,1.0
seek,7,44.079558552404336,0.7142857142857143
cherubim,15,44.04188008807411,0.8666666666666667
pomegranates,7,43.95014658692391,0.8571428571428571
Go,42,43.73776979596289,0.9047619047619048
Perizzite,6,43.71912754013003,0.8333333333333334
Zin,7,43.68951036348985,1.0
Hebrews,10,43.66282980612967,0.6
grievous,9,43.42501540885784,0.8888888888888888
feasts,8,43.3261324022948,0.75
Paran,7,43.27625146718393,0.5714285714285714
heavens,9,43.18341634911578,0.5555555555555556
fourteenth,8,43.164451691330214,0.625
Ammishaddai,5,42.95917671807448,0.6
frankincense,9,42.81385170744218,0.7777777777777778
Isaac,90,42.761958604749424,0.8111111111111111
Horites,6,42.721226235182215,0.8333333333333334
Rephaim,7,42.615359570353405,1.0
Lot,30,42.57034970516024,0.8
Kadesh,18,42.56873038755951,0.7777777777777778
One,10,42.54127500432564,1.0
That,16,42.536041627635136,0.9375
The,928,42.387472405201116,0.9515086206896551
Beor,5,42.26305602191101,0.6
Heshbon,15,42.1300818941083,0.9333333333333333
embroiderer,8,41.785512739463414,0.75
Shaul,5,41.72151669881976,0.8
Milcah,9,41.685069732391256,0.7777777777777778
ox,17,41.64980363011324,0.8823529411764706
For,120,41.63130209294668,0.9416666666666667
Amminadab,6,41.5548661558592,0.8333333333333334
Zippor,5,41.53625891857754,0.8
Kenan,5,41.492704670025276,0.8
hid,6,41.415601225879364,1.0
With,9,41.4054773214972,1.0
By,8,41.35425743074179,0.875
Ephron,12,41.02655564640655,1.0
Zerah,7,40.988121130144975,1.0
Abidan,5,40.820263348810784,0.8
Ham,10,40.686529684066755,0.8
Oholiab,5,40.597664491467484,1.0
Elizur,5,40.56831229140619,0.8
Shelumiel,5,40.36657270397508,1.0
Gomorrah,9,40.35413343157861,0.6666666666666666
Ammihud,7,40.30168047457174,0.7142857142857143
Only,24,40.127962623375836,0.8333333333333334
All,102,40.114116040726586,0.9411764705882353
Lest,6,40.084471103567495,0.5
despised,6,39.988110287257825,0.6666666666666666
Eber,8,39.955775506639306,1.0
judgment,11,39.9193504373196,0.45454545454545453
jealousy,9,39.4952364784998,0.6666666666666666
foreigners,12,39.487255466028756,0.75
Pharaoh's,39,39.422022658436816,0.6666666666666666
murmured,5,39.399581163983676,0.6
How,21,39.326005100510756,0.8095238095238095
Abimelech,23,39.00415588847612,0.6521739130434783
Do,11,38.992728465402585,0.8181818181818182
Machpelah,6,38.972185968231784,1.0
Isaac's,5,38.88716431516478,0.6
Eliasaph,6,38.63798797695113,0.8333333333333334
onyx,8,38.603958241795866,1.0
Is,13,38.54036400570879,1.0
Abihu,9,38.49796654542748,0.7777777777777778
abroad,7,38.497232038055444,0.5714285714285714
Reuel,8,38.45599680251735,0.75
Hear,8,38.418671024759206,0.75
Abraham,135,38.345490242242505,0.8518518518518519
Uzziel,5,38.28853270825347,0.4
Hattaavah,5,38.211980074929095,0.8
Bilhah,9,38.059217764139895,1.0
My,28,37.930334593617864,0.9642857142857143
released,5,37.72777715122595,0.4
Kibroth,5,37.61167155469368,1.0
Kohath,16,37.46136425368219,0.5
Thus,15,37.30041002281445,0.8666666666666667
elder,7,37.27910288554665,0.5714285714285714
dyed,6,37.16069769294128,0.6666666666666666
No,30,37.013247731708134,0.9666666666666667
Shelah,12,36.77839385571719,0.5
Jethro,10,36.61316834606369,0.7
Jebusite,8,36.41007196253439,0.875
Shedeur,5,36.360402365563104,0.8
tenths,18,36.184412037462764,0.6111111111111112
dwellings,9,36.03743287435011,0.6666666666666666
Eleazar,42,35.99517482914228,0.7380952380952381
Oh,11,35.67615857176636,0.9090909090909091
Naphtali,16,35.65239634809475,0.875
ewe,6,35.576987354886725,1.0
Ephraim,21,35.23379397202812,0.9523809523809523
Rephidim,5,35.12662583660865,0.8
Hazeroth,6,34.96988314218835,0.8333333333333334
withheld,5,34.52141956021303,0.8
His,51,34.288114453726045,0.8823529411764706
May,11,34.13396579172456,1.0
Pedahzur,5,34.10177277010722,0.6
Yahweh's,19,33.93028745980229,0.9473684210526315
Eshcol,6,33.719889674596544,0.5
prophet,6,33.6553359859212,0.5
Zibeon,6,33.40065212745964,0.8333333333333334
But,130,33.05504878570639,0.9307692307692308
Out,6,32.74802539621215,1.0
pitch,5,32.725787434684214,0.4
Nazirite,6,32.59455642647639,0.8333333333333334
Spirit,12,32.46575133410957,0.4166666666666667
Yahweh,149,32.46033747330343,0.8926174496644296
Kohathites,7,32.45501022519168,0.14285714285714285
worshiped,7,32.25245911002251,0.0
Hezron,5,32.12000509278741,0.6
Our,9,32.05283732161149,0.7777777777777778
Zelophehad,8,32.02171338011963,0.875
prosper,5,31.845636122023734,0.0
Rebekah,27,31.507330377333098,0.5555555555555556
Jephunneh,8,31.295028509145396,1.0
As,56,31.208979081189717,0.9464285714285714
A,20,30.984742440447796,1.0
Gideoni,5,30.949275059287206,0.8
GOD,5,30.929140372870116,0.4
Now,112,30.8370597763462,0.8839285714285714
So,88,30.744735084316176,0.9772727272727273
Arpachshad,6,30.679458373894654,0.8333333333333334
If,225,30.565696227631953,0.9555555555555556
Zurishaddai,5,30.523570280737363,0.6
Ishmael,16,30.472590414331442,0.5625
Bezalel,6,30.42892726148709,0.6666666666666666
Zilpah,7,29.786741402946763,1.0
Japheth,9,29.776719798319437,0.6666666666666666
On,76,29.43357881187952,0.9868421052631579
Gerar,8,29.39083016853532,0.5
Yet,9,29.046571512217717,0.8888888888888888
Nadab,9,28.99447697497239,0.8888888888888888
sheaf,6,28.518873368903474,0.8333333333333334
sash,7,28.507813453582646,0.42857142857142855
Be,20,28.491728382231393,0.9
Ochran,5,28.362816957557065,0.8
Zebulun,15,28.283274672895722,0.5333333333333333
Oholibamah,7,28.244871900541717,0.8571428571428571
ephah,17,28.170566441425382,0.5882352941176471
eighth,14,28.095166235324655,0.21428571428571427
Ahiezer,5,28.008947691748027,0.6
Know,6,27.886541785499077,1.0
Chedorlaomer,5,27.868815327246466,0.8
He,669,27.478279636433733,0.9566517189835575
lying,9,27.287919102278693,0.3333333333333333
Nahshon,6,27.28057578288402,0.3333333333333333
Mahalalel,5,26.95028907336718,0.8
guard,8,26.85632933129436,0.25
Of,65,26.72496420664299,0.9076923076923077
Or,12,26.667282709587134,0.9166666666666666
In,72,26.489922814882924,0.9722222222222222
dedicates,6,26.452502855411012,0.16666666666666666
To,15,26.411679014678686,0.8
branch,5,26.05621735072505,0.2
Zuar,5,25.965837293155978,1.0
At,25,25.53578940634477,0.96
Six,7,24.494576109878587,0.5714285714285714
Zoar,7,23.473778047726228,1.0
